0.051748295301249796,-0.16085443
0.27806440192569676,0.37287022
0.0001594794413682,-0.00892971
0.32256454169625914,0.40159964
0.6398522402976287,0.56562012
1.246793722317045,0.78955485
0.0835256023061202,0.20435949
1.9608235911873033,-0.99015746
0.5499073855089457,-0.52436027
0.07937698570496819,0.19921971
1.7394429563963765,-0.93258859
0.18617450962432322,0.30510204
0.0732203227247048,-0.19133782
0.0029973911894802005,0.03871299
0.026666905072249798,-0.11547057
0.13024255542292817,-0.25518871
0.9594696970510471,-0.69262894
0.0753199411510658,-0.19406177
0.1443571004632712,0.26866066
0.23451554141961678,-0.34242922
0.6158565199937311,0.55491284
1.8380480978421128,0.95865742
1.9423881363148081,0.98549179
0.14758655398934478,0.27164918
0.5296448045932808,0.51460898
1.0749634752834631,0.73313146
1.5206436902204192,0.87196436
0.5739382446222001,0.53569499
1.7529539493763604,-0.93620349
0.09084258756039679,0.21312272
1.4216596362808354,0.84310724
0.7646265569262337,-0.61831487
0.46321831337450425,0.48125789
0.10225429511679379,0.22611313
0.5643306466447393,-0.53119236
0.0054561004018952,0.05223074
0.273714832624005,-0.36994245
0.2899532482067232,0.38075796
0.094532781299445,0.21740835
0.44472806629021616,-0.47155491
1.7001066691131137,0.92198337
0.5395382392251619,-0.51939303
1.8029362782193952,-0.94945676
0.6052955180783522,0.55013431
0.293277585993605,0.38293445
1.76414282653673,-0.93918657
0.0217304083059282,0.10423629
0.15298929771351116,-0.27657666
0.2915577216552008,-0.38180998
0.10764606976865279,-0.23199792
0.8542228676520337,0.65353763
0.6260639165298161,-0.55949259
1.9194052428869135,0.97964413
0.13338679645084503,-0.25825065
0.44519512252410315,-0.47180246
1.5612001256554953,-0.88351574
0.009460777047904802,0.06877782
0.2951243594950658,-0.38413823
0.25245818792855124,-0.35528734
1.6017316464170899,0.89491107
0.38374119256345923,-0.43803036
1.3777207859385991,0.82997614
0.031242440457228803,-0.12498488
0.8445081256008481,-0.64981079
0.055137839267976205,-0.16603891
0.45499042114915283,-0.47696458
0.4893850645113672,0.49466406
0.15516410522760501,0.27853555
0.2130447800043648,-0.32637768
0.4886746485558242,0.49430489
1.0274434356861377,0.71674383
0.2321746899115298,0.34071593
1.0000542466118434,0.70712596
0.24676328325454577,0.35125723
0.08614275615720501,0.20753645
0.0121642906027442,-0.07798811
1.4469325937479367,0.85056822
0.038128858952,0.138074
7.66908924338e-05,-0.00619237
0.47037459522175384,0.48496113
0.027315380007708803,0.11686612
0.20955783829263683,-0.32369572
1.1259630560178049,0.75032095
0.0064861562417618,-0.05694803
1.9063046741378882,-0.97629521
0.0252274899949298,0.11231093
0.019585327986504204,-0.09895789
0.479823067997045,0.48980765
1.006652112973315,0.70945476
1.071007420075632,-0.73178119
0.6645696058445001,0.5764415
0.130647640035125,0.25558525
1.898455546575808,-0.97428321
0.30032516363349776,-0.38750817
0.4078917675790848,-0.45160368
0.71911850996552,0.5996326
1.075069664666458,-0.73316767
0.051537225457205,-0.16052605
0.5549012481421447,0.52673582
0.7025506628390451,0.59268485
0.11667289246754421,0.24152939
0.8263731895372927,0.64279592
1.1323372043837951,0.75244176
0.12155181373457999,0.2465277
0.08518505382676982,0.20637957
0.0009325057971042,0.02159289
0.08701089907232,-0.2085796
0.0017421335030911999,-0.02951384
0.2596447762407752,-0.36030874
0.5113361559808322,0.50563631
0.7720779297954312,0.62132034
0.9990546204289034,-0.70677246
0.0020039843522951994,-0.03165426
1.6938942407745798,0.9202973
0.0033909045405138005,0.04117587
0.5117736856194163,-0.50585259
0.04070192517248,-0.1426568
0.008350821934912798,-0.06461742
0.9034470359488801,0.6721038
0.5860639522350368,-0.54132428
0.9393544178,0.68533
0.17225461125642322,0.29347454
9.127896498e-05,-0.0067557
0.31297765861031224,0.39558669
1.434723679630131,-0.84697216
0.8859462438726151,0.66556226
1.6912932282460231,-0.91959046
1.387334046511125,0.83286675
0.029525384526624798,0.12150182
0.5576647760389448,0.52804582
0.6020086487654642,-0.54863861
0.057500271579645004,-0.16955865
1.0056559445224993,-0.70910364
1.8779216899200128,0.96899992
0.7821704709657727,-0.62536808
0.7947927365883848,-0.63039382
1.520861689122919,-0.87202686
1.1204209090790527,0.74847208
1.6871392331668233,-0.91846046
0.08064416351377621,-0.20080359
0.5428594721937122,0.52098919
1.269365795398429,-0.79666988
0.0134374634246738,-0.08196787
1.2298218723780099,0.78416257
0.26061716379168,-0.3609828
1.4127081691351753,-0.84044874
1.668660464507808,0.91341679
0.460625584507445,0.47990915
0.6714250591794051,0.57940705
1.29551585704562,0.8048341
0.2406734892461138,0.34689587
1.3176413124203648,0.81167768
0.21852143522857623,0.33054609
1.68894482144648,-0.9189518
0.4738954786978568,-0.48677278
0.0023172648338322006,-0.03403869
0.34830189911432174,-0.41731397
0.0014677578720799999,-0.0270902
0.011125006130392202,0.07458219
0.7235596528548991,-0.60148136
1.2794660396978685,0.79983312
0.09064943917952181,-0.21289603
1.522317729329512,-0.87244419
0.03440084434828881,-0.13115038
0.0190500638358258,-0.09759627
1.1267604581756563,0.75058659
1.507451667647645,0.86817385
0.0312151497217568,-0.12493028
0.0411156889464098,-0.14338007
0.053795142285888206,0.16400479
0.24266323066106882,0.34832688
1.331570574634978,0.81595667
0.7288831839048007,-0.60368998
1.7478682166040496,-0.93484443
0.031098399309489797,-0.12469643
0.23742958416603382,-0.34455013
0.12453152975317622,-0.24953109
0.9878878966146634,0.70281146
0.2686392664054898,-0.36649643
1.4389518599986657,-0.84821927
0.0855026041453088,0.20676388
0.0343489860624402,-0.13105149
0.8035471363686641,0.63385611
0.0019303492878151999,0.03106726
0.0014556368383442,-0.02697811
0.47585108648450875,-0.48777612
0.019620129109785802,-0.09904577
1.8253182693816052,0.95533195
0.565508574175205,0.53174645
1.6063578420125,0.8962025
0.08611879151491279,0.20750758
0.02643215501088,0.1149612
0.018225914336952198,-0.09546181
1.3152795779340098,0.81094993
0.42470369334450003,0.4608165
0.5480883763185801,-0.5234923
0.00030326328130879994,-0.01231388
0.12577588025820483,-0.25077468
0.0007141531569217999,0.01889647
0.5242549048422911,-0.51198384
0.13822264069940482,0.26289032
0.1380933919841288,-0.26276738
0.7740829133148672,0.62212656
1.4215301042351378,0.84306883
0.477735823406645,0.48874115
0.0644565554799392,0.17952236
0.19438085115872816,-0.31175379
0.10651685979458879,-0.23077788
1.9533286211927168,-0.98826328
0.20029639488800002,0.316462
0.3067777844062472,-0.39164894
0.33962908345472,-0.4120856
0.13105863714060498,0.25598695
0.6631260357434161,0.57581509
0.0120828269316818,0.07772653
0.07225731537032,0.1900754
0.7211623087056199,0.6004841
0.31135842260040497,-0.39456205
0.6711662282350593,0.57929536
1.8275272826540447,-0.95590985
1.1204175259878049,-0.74847095
0.0036716828295167998,0.04284672
0.0092338804334498,-0.06794807
1.012735229615629,-0.71159512
0.3822530895184968,0.43718022
0.0298058368956002,0.12207751
0.07999128023762,0.1999891
1.0470970466724818,-0.72356653
0.0284822524874322,0.11933619
0.4038563505087122,0.44936419
0.1401313964890952,-0.26469926
1.1763576665562248,-0.76692818
0.0001017228603168,-0.00713172
1.871975620602074,0.96746463
0.15768578987330578,0.28078977
0.4886309134377458,-0.49428277
0.5528159465268513,0.52574516
0.06758298918927379,0.18382463
0.5695307694017139,-0.53363413
0.01927348051122,-0.0981669
0.19133332641615677,0.30930028
0.5333482893624008,-0.51640502
1.58847840915396,-0.89120099
0.5718183179569353,-0.53470474
0.0008939945442722001,0.02114231
0.6026813358390051,-0.54894505
1.737479963902657,0.93206222
0.5386866463000419,-0.51898297
0.07304620944367221,-0.19111019
0.20751140494428477,0.32211132
1.4843867612434631,0.86150646
1.0015082863104512,0.70763984
0.169211353714605,0.29087055
0.5326534553127218,-0.51606853
0.4931637482908242,0.49657011
1.893459128680168,0.97300029
0.7585762678590259,0.61586373
0.08554621207112,-0.2068166
0.5214103824505607,0.51059298
1.6350879358774089,0.90418138
0.35506136413441997,-0.4213439
0.37716295671779215,-0.43425969
0.0625150019607362,-0.17679791
0.050993903819045006,-0.15967765
1.086437792091645,-0.73703385
0.2070517620983688,-0.32175438
0.5784260793035921,0.53778531
0.016398039972867196,0.09054844
1.7129800760564016,-0.92546747
0.5286711594215553,0.51413576
0.23360199613958418,-0.34176161
1.0837783755626258,0.73613123
0.06715170628024499,0.18323715
0.030803536133799197,-0.12410386
0.9749717583991442,0.69820189
1.4565935314986052,-0.85340305
1.32422970115872,-0.8137044
0.9402354103833799,-0.6856513
0.3449194750611968,-0.41528272
1.9607276659057953,-0.99013324
0.5153317633279999,-0.507608
1.2748487451554644,-0.79838861
0.6423760323192609,0.56673452
0.07670234978078719,0.19583456
0.4361727509357922,0.46699719
0.6990761700177032,0.59121746
0.6300984513057032,-0.56129246
1.393958963035642,0.83485297
1.0594838770514257,-0.72783373
1.0987029373179007,-0.74118248
1.1554723088455698,0.76008957
0.44740913097437784,0.47297417
0.6515501877155042,-0.57076711
0.3437165712340872,0.41455794
1.781208648253445,0.94371835
0.1770469640773632,0.29752896
1.5709435663815434,0.88626846
1.5029691852761042,-0.86688211
0.7039390366852722,-0.59327019
0.1436605855556552,-0.26801174
0.8122436690561442,-0.63727689
1.3737342773985408,-0.82877448
0.1330753422481218,0.25794897
0.9988174699372897,0.70668857
0.3913296696848648,-0.44234018
0.6503597693012232,0.57024546
1.6305200236125001,0.9029175
0.0018720652172450002,-0.03059465
0.9473548168998152,-0.68824226
0.22839345090320717,0.33793006
1.7102942384894448,-0.92474165
0.0032969895895111996,-0.04060166
1.4804406896502962,0.86036059
0.9541024236766473,-0.69068894
1.04726251840338,0.7236237
0.22108334736097282,0.33247808
0.1972416528052418,-0.31403953
0.0021312444971538,0.03264387
0.35210106331147517,0.41958376
0.9504966004890051,0.68938255
0.020593450161856798,0.10147278
1.5357477880310793,-0.87628414
1.8004992771136394,-0.94881486
0.6228569939593682,-0.55805779
0.38325173592169276,-0.43775092
0.5480559412155522,-0.52347681
1.478177327222151,-0.85970266
0.8285080061658979,-0.64362567
0.022990189644864798,-0.10721518
0.1236928055019938,0.24868937
0.3731885937239688,0.43196562
0.051632255698080796,0.16067398
1.343396657499523,-0.81957204
0.3447337690204562,0.41517091
1.5861264741187209,-0.89054098
0.3076396719392768,0.39219872
1.872444367206125,-0.96758575
1.6765045486459846,0.91556118
0.1422921970494152,0.26673226
1.346948437395125,-0.82065475
1.0245899695592449,0.71574785
0.0121599579692168,-0.07797422
1.1519104507715592,0.75891714
0.047824312833027204,0.15463556
0.450332671674605,-0.47451695
0.007542980486503201,-0.06141246
0.16359550065872716,0.28600306
0.0018436352922050001,0.03036145
0.0728754492028448,0.19088668
1.0489177519876178,0.72419533
0.6062403350644999,0.5505635
1.1471790691323271,-0.75735694
0.6400847765399041,0.56572289
0.1552583871168512,0.27862016
0.09025463277249621,-0.21243191
0.0894771396864072,-0.21151494
1.1196151890649364,0.74820291
0.9944038286804231,-0.70512546
0.18445095626958077,-0.30368648
1.8170291149921798,-0.9531603
0.0442374362407538,-0.14872363
0.5578758031086369,0.52814572
1.971420593861427,-0.99282944
0.9106192271939912,-0.67476634
0.9511627158467298,0.68962407
1.5970883517934804,0.89361299
1.7359589104244448,-0.93165415
0.008138397093345798,0.06379027
0.09970972984184179,-0.22328203
1.755836693021242,0.93697297
0.28634240987936815,0.37837971
0.59287817445768,0.5444622
0.00031635380877120003,0.01257684
0.0046002541378591996,0.04795964
0.21350218900035917,0.32672786
0.16000961399692823,0.28285121
1.3025650141419551,-0.80702076
1.4208162494693888,0.84285712
0.5197411624230018,0.50977503
0.2545335476863922,-0.35674469
1.7052166313702528,-0.92336792
0.00017741101017920003,-0.00941836
0.00536784760712,0.0518066
1.31392197655938,-0.8105313
0.13723495536476882,-0.26194938
0.6955481318612767,0.58972372
0.0047726489080008,-0.04885002
0.0042082000360418,0.04587047
0.5993112339948963,-0.54740809
0.27871128993523225,-0.37330369
0.3272452892975232,0.40450296
1.4202921755335112,0.84270166
0.0433903437553922,-0.14729281
0.7054911504685087,-0.59392388
1.203337671261845,0.77567315
0.1130215587648032,-0.23771996
0.0791900524906002,-0.19898499
0.9904233534706569,0.70371278
1.4168465394074914,0.84167884
0.651477679479245,0.57073535
0.054908367008883206,-0.16569304
0.67606029218592,-0.5814036
0.1867292927171282,-0.30555629
0.40560518791297623,0.45033609
0.0028494289325041995,0.03774539
0.9255648316681538,-0.68028113
0.5794470523489568,-0.53825972
0.05485634509424181,0.16561453
1.7901587633126448,0.94608635
0.0765629085057218,0.19565647
0.2584727492381042,-0.35949461
0.337114675278045,0.41055735
0.009937432076748801,0.07048912
0.9580844962085768,-0.69212878
0.004314905867184199,-0.04644839
0.25558490174498,0.3574807
0.3648266674191752,0.42709874
0.2210072031389448,0.33242082
1.806575937836074,0.95041463
0.0926639884834848,-0.21524868
1.0035408372840051,0.70835755
0.0279870497025858,-0.11829423
0.3620083766001138,-0.42544587
0.5832737879338112,0.54003416
0.5242834534498567,-0.51199778
0.0239259912504608,0.10937548
0.6858349034391432,-0.58559154
1.9191376918064451,0.97957585
0.26707860831617997,-0.3654303
0.04332426980716881,-0.14718062
0.6016467772444323,0.54847369
1.0324019316308257,0.71847127
0.681442783421805,-0.58371345
0.36549471621632007,0.4274896
0.1339056814622018,-0.25875247
0.2777622205527072,0.37266756
1.0255032668391368,-0.71606678
1.0711897584370207,0.73184348
0.04076414729928,-0.1427658
0.0467596395185042,-0.15290461
1.93195117207585,-0.98284057
0.47021189513512496,-0.48487725
1.656133497867586,0.90998173
0.007346690844193801,0.06060813
1.8654822982351251,0.96578525
0.5635271538199299,0.53081407
0.7529651524093951,-0.61358176
1.0808753716588175,0.73514467
0.88423029764552,0.6649174
0.6840622233394953,0.58483426
0.05910250677369681,-0.17190478
0.40742839130293623,0.45134709
0.4399043282574728,0.46899058
1.0710867466254483,-0.73180829
0.1709536859669858,0.29236423
1.5709316549560202,-0.8862651
1.4315181579364231,-0.84602546
1.1188436853924129,0.74794508
1.978104059339805,0.99451095
1.35814294399177,-0.82405793
1.865496205568645,-0.96578885
0.0010710228697088,0.02314112
0.040725678140992795,-0.14269842
0.89485415244002,0.6688999
0.0029322803636881996,0.03829021
0.15360473425952,-0.2771324
0.6915722982490111,-0.58803584
0.13979117881501524,0.26437774
0.7736446747543699,0.62195043
0.9561663502372961,-0.69143559
0.1735948886993672,0.29461406
0.7448597025349921,0.61027031
0.0272419160049992,0.11670886
0.0464129281468448,-0.15233668
1.8570698473014577,0.96360517
0.16160769986726478,-0.28426018
0.0991644278360192,-0.22267064
0.7420688459268051,0.60912595
0.008979610752240201,-0.06700601
0.056263807462924795,0.16772568
0.0852075424287522,-0.20640681
0.380959834488005,-0.43644005
0.3717429806899712,-0.43112816
0.40517308848964495,-0.45009615
0.036939555241347205,-0.13590356
1.5941257556621768,0.89278378
1.9958929106905803,-0.9989727
0.2370335168290338,0.34426263
1.0369549209867284,0.72005379
1.609265254306898,0.89701317
0.000452803352445,-0.01504665
0.8349688583822449,0.64613035
0.23634414402144496,0.34376165
0.5673064317765633,-0.53259104
0.0810795214044288,0.20134488
0.0954734704385288,0.21848738
1.809838319952624,-0.95127239
0.46033843244202316,0.47975954
0.25188427065178576,0.35488327
0.9573714040794913,0.69187116
