-0.9712890207759248,0.9235401
0.9435533566910418,-0.10746042
0.8876638824267216,0.15232698
-0.6922906285440045,0.74339837
-0.9843676232077505,0.94364337
-0.29351705858004506,0.59482575
-0.40199927744483643,-0.63168457
-0.09551797552614956,0.53045074
0.8159622056902356,-0.1962077
-0.17771812908150747,0.55687153
0.9977234278875331,0.02148267
0.2519527025544312,0.41892726
0.011800396353475642,0.49624373
-0.5257013648647828,0.67619706
0.45641044621866533,0.34913488
0.6986817166638664,0.25377037
0.9018709413355986,0.14219392
0.01519580144301156,0.49516284
0.6247150835730201,0.28521512
-0.37634020285153447,0.62281761
-0.7482719595270558,-0.76911617
-0.933714029509962,0.88345206
-0.04581451656756092,-0.51458832
0.6999940346262479,0.25318597
0.7622045625100276,-0.22411703
-0.9308140634726492,0.88090039
0.1343496570675042,-0.45710547
0.3584470591411361,-0.38330636
0.7819348238225139,-0.21423295
0.3900382235050817,-0.37246179
-0.35553140053726884,0.61570009
-0.999495234789996,-0.98988588
0.2859438049918289,-0.40769293
-0.6265753228888108,0.71554392
-0.42448046857926086,-0.63954324
-0.757186520271468,-0.77342662
-0.992309988609868,0.96049907
-0.9980878783105721,-0.98031243
0.9042354598326459,-0.14044162
-0.4422236492525745,-0.64581025
-0.9784449286165476,-0.93379008
-0.8239692420168034,-0.80824515
0.9994376557783246,0.01067546
0.1871361920308914,0.44007943
-0.750530484400902,-0.77020195
-0.7592831764782476,-0.77445025
-0.7120712821869407,-0.75224273
0.9421695288584361,-0.10878249
-0.9285890556992749,0.8789774
-0.3408375705276455,0.61071062
-0.817625729644393,0.80471012
0.9983085817624598,0.0185162
-0.4447456894477602,-0.64670594
0.9619825280115909,-0.08805263
-0.9213996528399714,-0.87295315
0.9844292354904175,-0.05624517
0.784041040284752,-0.21315515
0.9958608888482948,0.02897134
-0.9993312246512385,-0.98835795
-0.9548580028977021,0.90399299
-0.72325110783495,0.75735308
-0.02277894316824134,0.50725139
-0.8070291270863509,0.79892598
0.8084672090551768,-0.20029754
-0.508134232031053,0.66966462
0.40762166142840256,0.36635823
0.27257406664481326,0.41212502
-0.6081880862455743,-0.70810336
-0.9359767024195776,-0.88548064
-0.7461954983727519,0.76812159
-0.03826307833593143,-0.51218249
0.04435029687617626,-0.48587823
-0.9742928510369936,0.9276686
0.6004262547890933,0.2949976
-0.3327331568557653,0.60797084
0.8484239217767888,-0.1775519
0.9595501844721914,-0.09084443
0.590147774098994,0.29906947
-0.5040642036348968,-0.66816251
-0.9339950193168739,-0.88370214
-0.6604411725448233,-0.72963071
-0.5373587312082653,0.68057787
0.1069099926920175,-0.46590433
0.7111313772525945,0.2481831
-0.7811485153949309,-0.78536585
-0.9250255246248682,0.87595669
-0.47075404554340977,-0.65601808
0.6036295821662601,0.2937206
0.9621898098096244,0.08781072
0.39677990331284,0.37012762
0.15111038038235955,-0.45171511
-0.5077660095468016,-0.66952855
0.8263817243970589,-0.1903954
0.4150057597064388,0.36377956
0.5885640314451522,-0.29969348
-0.27265138478392936,-0.58790056
-0.26683689472619365,0.5859785
-0.6939060309880196,0.7441117
-0.09750867055143733,0.53108737
0.5996912883421123,-0.29529005
0.9905931630506053,0.04369462
0.4894869733584365,-0.33718407
0.9562957306088988,0.09445427
0.16768951743383334,-0.44636939
-0.999916489805426,-0.99588625
0.6976079955432973,0.25424774
-0.0180019870694851,-0.50573052
0.5348033724367344,-0.32038568
0.7689907746427049,-0.22075918
-0.5276432145515059,0.67692419
0.369987717631832,0.37936189
-0.6444056398022101,-0.72289515
0.16736874116448222,-0.44647296
-0.5107722525964327,0.67064046
0.37502523949258626,-0.37763404
0.9021123115502864,-0.14201597
0.9998471516280059,-0.00556546
-0.12170055825798201,0.53883476
0.6374597418966977,-0.27998523
-0.17283076356138496,-0.55529137
-0.9972471998139129,0.97637607
0.14754632211419466,-0.45286245
-0.8798250806119664,-0.84234039
0.8578590825584302,0.1717942
0.773815263357384,0.21834587
-0.9847603126318375,0.94435755
0.8371497697789592,0.18422025
-0.9482481253329194,-0.89714648
0.9918196420564045,-0.04074251
0.5145948074742148,0.32794236
0.38237151294792615,0.37510746
0.9422927132708065,0.10866543
-0.8750836320671339,0.83919375
0.9774685757801539,-0.06769838
-0.3118161158617318,0.60093729
0.28351646240296213,0.40849894
-0.8982964078754926,0.85519463
0.057021507810118714,-0.48183964
0.8208909284197096,0.19347734
-0.8700780871760481,-0.83593175
-0.4210185924336835,0.63832729
-0.013894817165313279,-0.504423
-0.09381756295112129,0.52990704
0.9973319359901125,-0.02325733
-0.9948605076369419,0.96771421
-0.42086522159425416,0.63827347
0.6991938998710222,-0.25354241
-0.2869724208669556,0.59264881
-0.9042233987793015,-0.85954939
-0.5088238545827269,-0.66991955
0.9998743551132308,-0.00504594
0.5286984018485998,-0.32268026
0.776068304659335,0.21721117
-0.6840656875362084,0.73978985
-0.9336737799816895,0.88341628
0.5035101009628217,0.33204167
0.7409116714768614,0.2343937
-0.9635024797544621,-0.91373659
-0.9583070390327629,0.90776047
0.07685739996459533,0.47551138
0.7689240348385631,-0.22079241
0.9991854425442587,0.01284859
-0.7875128396267518,-0.78863159
-0.9048308111572776,-0.86000281
-0.40370766019251314,-0.63227871
-0.7606963672154013,-0.77514237
-0.9230471553874405,-0.87430945
0.4025708306314643,-0.36811671
0.8668193149341291,0.16616055
-0.9924098877428492,-0.96075681
0.0662594773555853,0.47889349
0.7331982874341564,0.23802671
-0.7733462062646932,-0.78141852
0.5928151258014206,0.29801648
0.6725624665518656,0.26519363
-0.02024533316291141,0.50644473
-0.9028925653238468,-0.8585607
0.2003573968507168,-0.43578967
-0.7545531395738296,-0.77214633
-0.9609044008183831,0.91069943
-0.5134811189299401,0.67164436
-0.8715006898203798,0.83685278
0.6053009538976136,-0.29305277
0.6673972845189927,0.26740832
0.9158073425831191,0.13155199
-0.37849549097259905,0.62355845
0.4778313561270154,-0.341423
-0.7063273148929092,-0.74964931
0.7775933467749203,0.21644028
-0.04086651739042641,0.51301184
0.9020226461664469,-0.1420821
-0.998715890074305,-0.98386709
-0.34965931631722125,0.61370266
0.9431945608319785,-0.1078047
0.9985606254631239,0.01708064
-0.5750145564672673,-0.69500362
-0.6710087186004163,0.7341387
0.9990666325732163,0.01375388
-0.4092229423763192,-0.63420017
0.07704818695675764,-0.47545047
0.8082687145678595,-0.20040487
-0.861776158258859,0.83064777
-0.8169942847790109,-0.80436129
0.5116760347956413,-0.32902481
0.9899870788792103,0.04508256
-0.828378299808183,0.81073616
0.704491530537545,0.25117511
0.9822183859854184,0.06011687
-0.6805115025729163,-0.73824237
-0.4277505583011542,0.64069383
0.9131018425134706,-0.13368008
0.9880972917100955,-0.04916089
0.3812851444093898,0.37548161
-0.4508440620438709,-0.64887695
0.3835027893536707,0.37471765
0.6250541931901494,-0.28507686
0.25885924249084546,0.41665342
-0.22182257877804412,-0.57120058
0.8659609887140329,0.16670767
-0.15561828317372003,0.54973698
0.8067324986523863,0.20123386
-0.07686654627771826,-0.52449154
-0.518343249151697,-0.67345103
0.9958847798298617,-0.02888755
0.9227110865786532,-0.12596834
-0.9542910427300022,-0.90338733
-0.9991487385083409,-0.98686508
-0.17135563342634078,-0.55481471
0.11670941978363183,-0.46276538
-0.13745712106370248,-0.54389293
-0.981525018402978,-0.93871869
-0.9964415762729476,-0.97313896
-0.9841889572998397,0.94332138
0.34834435398336155,-0.38674399
-0.8286502531503261,0.81089075
-0.9687714529683309,-0.92024136
-0.19346566268677773,0.56197281
-0.8326831704114428,-0.81319644
-0.14776295314161028,0.54720727
0.6605207598801507,0.27033555
0.9243210978659334,0.1246322
-0.8401310427600202,-0.817522
0.6797667659511004,-0.262081
-0.947362534163984,-0.89626238
0.8057472177858817,-0.201764
0.7910108202736426,-0.20955514
-0.906527767818764,0.86127689
-0.5025663636822977,-0.66761075
0.8382665562927658,-0.18356932
0.9828307577624306,0.0590696
-0.6057674550029142,0.70713382
0.2824800841374831,-0.40884289
-0.24382154835616085,-0.57840112
-0.38146058442233877,-0.6245788
0.9915587515136688,-0.041388
0.6143835722991176,0.28940476
0.602089381644384,-0.29433508
0.5431944761317252,-0.31721463
0.09471305835188591,0.46980664
-0.9452087668737673,0.89414196
0.6739934407835899,0.26457759
0.7443421514511926,0.23276319
-0.9313136812460341,-0.88133627
-0.7325906151147654,-0.76168898
0.910411151580025,0.13576538
-0.6318967126931059,0.71772332
-0.9909611539044972,-0.95716988
0.866522770326796,0.16634976
-0.47494394874855755,-0.65753167
0.9081353478792082,0.13750595
0.9614079984744324,0.08871978
0.0716425653614513,0.47717591
0.9334353824176197,-0.11679543
0.9746576083516956,-0.07181421
0.7249481416417021,0.2418637
-0.9981417681465181,-0.98059193
0.8908473423874803,-0.15011157
-0.9263771581021971,-0.87709413
-0.5923190738562205,0.7017875
-0.9733389716003755,-0.92633296
-0.5496865172256183,-0.68525283
-0.1288798337929154,-0.54113815
-0.9478925643896234,0.89679064
-0.1802114738918703,-0.55767821
-0.05978995098328361,0.51904309
-0.14659308650183261,-0.54683079
0.9611671210796168,-0.08899804
0.520675919966649,0.32567999
0.057033834176597076,-0.48183571
-0.18134918019977408,0.55804642
-0.6824857879851116,-0.7391011
0.5082868573427811,0.33027897
0.7323851255840007,0.2384071
0.9992452895610023,-0.01236752
-0.8345551601025741,-0.81427526
0.9857789463595454,0.05374611
0.42378835963184797,0.36070003
-0.9641781298770422,-0.91454366
0.3787587249519821,-0.37635102
0.8754401659867848,0.1605716
-0.9997868948611559,-0.99342842
-0.6961841283878377,0.74512029
-0.7107278806975682,-0.75163427
-0.9816510822412655,0.93892877
0.7632259358550227,0.22361433
0.9941116507704147,-0.03456012
0.9663781131683378,-0.08277526
0.971231181250509,-0.07653725
-0.2786631881820321,-0.58989131
0.1380634862319426,-0.4559122
0.15335639534075501,-0.45099175
-0.9003397495847443,-0.85668201
-0.6258204463307147,-0.71523573
0.3396561752596994,0.38968929
0.275389265812017,-0.41119326
-0.0737238171363615,0.52348833
-0.8794231877006131,0.84207145
-0.4942525695839766,0.6645582
0.3853811056116015,-0.37406999
0.9991929203113554,-0.01278947
0.6502318546320183,-0.27467175
-0.22961661622402213,-0.57374723
-0.8463160359906396,0.82118452
-0.9860792242180136,0.94682568
0.9871194890190268,-0.0511445
-0.892020099028663,0.85071222
0.9896281458708561,0.04588486
-0.3042642714612935,0.59841059
0.5030235910266933,-0.33222088
-0.02328972481658057,0.50741402
-0.6376662399642252,-0.72010009
0.446961533996781,0.35250608
0.6609943325730241,0.27013472
-0.6857202717798959,-0.74051266
-0.9908528722223209,-0.95691371
0.7804989356023994,-0.21496511
-0.9729086138298659,-0.92573809
0.8499551593282897,0.17662893
0.9618609137561375,0.08819426
0.18501659974077203,0.44076611
-0.2023106572230507,0.56484507
-0.9240625152052568,0.87515229
-0.8776044200130524,0.84085957
0.17773633847495243,-0.44312258
-0.9913179817064931,0.95802505
0.7491499835605513,0.23046222
-0.753258204609531,0.77151893
-0.3943983279190464,-0.62904697
0.5882149796084305,-0.29983089
0.9946736803511206,0.03286788
-0.544889040872059,0.68342823
-0.27516425962470903,0.58873224
0.29664798319441527,-0.4041312
-0.5841983374863848,0.69859098
-0.9686014951918337,-0.92002347
-0.9597819274265174,0.90941795
-0.3914784339089323,-0.62803624
0.9486858932803002,-0.10241377
0.3236863188358983,-0.39507775
-0.2726706989308561,0.58790695
0.9912636811407723,-0.0421062
0.8790005799242633,0.1582109
0.15303057702164619,0.4510967
0.8450896611479595,0.17954698
0.12395625796273356,-0.46044175
-0.7776900893009312,0.7836087
-0.7641982158626369,-0.77686508
0.8058200184771029,0.20172487
-0.23383794645340472,0.57512852
0.9317048451004161,-0.1183214
0.3842193160630819,0.37447065
0.4314771598865577,-0.35799255
-0.5662678259514159,0.69161321
-0.3528634424741725,-0.61479198
0.23421686918909895,0.42474742
0.6712372640767208,-0.26576317
0.6373598164050491,-0.28002651
-0.9991639716067191,-0.98698315
-0.9482530032447524,-0.89715137
-0.7893089647883226,-0.789561
-0.9963832946480146,0.97291975
0.7652901482873642,0.22259549
-0.13778394296407737,0.54399796
0.2715847047896391,-0.41245229
-0.970501686764323,0.92249368
-0.21718773099446645,0.56968838
-0.04639889039595256,0.51477453
-0.9143849383011299,0.86732517
-0.9957358558391152,0.97059403
0.99252214557136,-0.03895154
0.4775969822541305,0.34150792
-0.4020022403076152,-0.6316856
-0.33819714811556295,-0.60981707
-0.15559696333275755,0.54973011
0.12006007344740614,0.46169128
-0.8984255730136655,-0.85528823
-0.20585384699927675,-0.56599715
0.8740969087378304,0.16145403
0.34249288058657096,0.38872874
0.6704641728720689,-0.266095
0.651224914977873,0.27425545
0.9901216553432315,0.04477807
0.8486134711399904,-0.17743788
-0.9982956056680857,-0.98141289
0.03898711455044007,-0.48758687
-0.5633047420673748,0.69047029
-0.8840165718263931,0.84517079
-0.8500252149006117,0.8234134
-0.10552239158611938,0.53365147
-0.5724507753645041,-0.69400724
-0.24891295510761052,-0.58007331
0.9871321666892394,-0.05111927
0.9986033451260129,0.0168252
0.098181340937795,0.46869748
-0.9999759934697506,-0.99779438
0.6678157479497578,0.26722941
-0.5549937050202783,-0.68727934
0.9999659468201267,0.00262691
-0.4501925838402507,-0.64864467
-0.19794680508726867,0.56342733
0.6778666469367078,-0.26290467
-0.9274993148994036,-0.87804611
-0.06527217485397231,0.52079156
-0.577051432298466,0.69579679
-0.48366539085779797,-0.66069483
-0.9925286019444794,0.9610653
0.9926822434752538,0.0385318
-0.2108885360523095,0.56763571
0.5920284544797112,0.2983273
-0.30389070645336563,-0.59828577
0.3183563800013786,0.39686914
-0.6661867871540195,0.73207465
-0.9873434250354497,0.94930299
0.2560020326872927,0.41759462
-0.2319204928455526,-0.57450092
-0.44437597596128275,0.64657456
-0.1457254976445719,-0.54655163
-0.7943265860319061,0.79217609
-0.7060842245957322,-0.74954002
0.2525016995426677,0.41874667
-0.6591603879348878,-0.72908817
0.5910624531552102,-0.29870867
-0.6653849019786655,0.73173256
-0.5582551901779653,-0.68852899
-0.3896874173971177,0.62741695
-0.9872738797624614,0.9491636
0.8563066732693616,-0.17275338
0.9979528582283118,-0.02037104
-0.2838395868768645,-0.59160832
-0.9927803702469843,0.96172773
-0.9491791854874364,-0.89808395
-0.9999867421106079,-0.99836091
-0.9280947080353271,-0.87855409
-0.7913717748502744,-0.79063273
-0.9234739096698259,0.87466304
0.9703607927713848,0.07769212
0.9327072557357478,-0.11743979
-0.48397090674988025,0.66080595
0.9057220551974747,0.1393294
-0.052416218338276255,-0.51669225
0.8022799142942827,0.20362015
0.3777916775964275,0.37668355
-0.7018773079329718,-0.74765453
-0.37605776717375744,0.62272058
-0.9464323404883022,0.89534151
-0.9840671032721771,-0.94310281
-0.4416607811007108,0.64561052
-0.030849126153211098,0.50982114
-0.6258436752677985,0.71524521
0.9623073967615362,-0.0876732
-0.9492408963247898,0.89814638
-0.7884040991246984,-0.78909234
-0.7885211022676804,0.78915289
0.5883317657957362,0.29978492
0.6873530430647776,0.25877254
-0.34960115631912014,-0.6136829
0.7620152565657765,0.2242101
-0.9221172550667243,0.87354222
-0.28842060246074747,-0.59313013
0.928736919833336,0.12089571
0.9492672380890427,-0.10182696
-0.8393845331667688,0.81708436
0.2244071515383858,0.42795545
0.8482025156914226,-0.177685
-0.1113024475122032,-0.53550223
-0.3437482989456099,-0.6116967
0.7802706091350806,0.21508134
0.6495666724946476,0.27495034
-0.923381797593288,0.87458664
-0.930248091651442,0.88040845
-0.9675033122344567,0.91862934
-0.6643743327915526,-0.73130191
-0.41349624644819566,0.63569252
-0.9805333405837114,-0.93709026
-0.8704178145827294,-0.83615127
0.9081122890882137,-0.13752348
0.09856231856518342,0.46857562
-0.20261252643468133,-0.56494319
0.8142517411259875,-0.19714754
0.8076832567829113,-0.20072115
