0.8615987433255626,0.66946352
-0.9803187757741744,-0.43674337
-0.8399690791502495,-0.31742697
0.9550212797592323,0.5958319
0.04540565581660636,0.98554196
0.8303417538101715,0.31185478
0.39044019516813955,0.87232282
-0.9773362954435479,-0.56789757
-0.4240398030360046,-0.13938834
0.9512779646782438,0.59977164
0.21946123986150795,0.07042995
0.2200002793166402,0.07060583
0.3434801458275026,0.11160581
-0.360109728857182,-0.88273925
0.5390201780171519,0.81879465
0.5619805567896352,0.18996043
0.9998439271165082,0.49437614
-0.5163317287559455,-0.82729716
-0.9477482604300225,-0.60335344
0.4862553697239158,0.83836248
-0.6889692555717054,-0.24193651
0.8896386509777319,0.65095625
0.9517741440916034,0.40074187
-0.6802922792656421,-0.76185285
0.5088428130388695,0.16992656
0.8822763940339926,0.65601003
0.5246375573898263,0.82420085
0.9136970095005307,0.63321468
-0.37812784845738734,-0.12343203
0.998616430154254,0.48325382
0.4674932188512249,0.15484277
0.07149720061192322,0.0227777
-0.7461355755176795,-0.73190706
-0.8126954824458287,-0.30200072
-0.19634151113690929,-0.06290612
0.7306131638788947,0.73923432
-0.4812422776869873,-0.15981427
-0.3346993530319618,-0.89136524
0.6335097035526372,0.78161367
0.44337606500618026,0.85378063
0.6877700678279494,0.24141027
0.991833030510113,0.54070911
-0.007987194483616098,-0.99745757
0.9332715837764246,0.61694068
0.1951335822650956,0.93748596
-0.011484153656709772,-0.9963444
0.5521456527734753,0.81380923
-0.7293153559745409,-0.73983873
0.9066574550068719,0.63862529
0.1744160048582097,0.05580375
-0.7971562299952557,-0.7063367
-0.7903388817186842,-0.70990449
-0.7418791770697415,-0.26606522
0.8440138022125079,0.31981348
0.6265287770338444,0.78447509
0.9937960481691503,0.46452486
0.9550769166829731,0.59577216
-0.688570289751552,-0.75823866
-0.7319144813266195,-0.73862704
0.9044297324765562,0.35970326
0.43867778477619657,0.85544695
-0.5470538120040864,-0.1842507
-0.9983299345502413,-0.51839892
-0.4432050741800877,-0.14615865
0.7775680619042606,0.28354692
0.6179800032953298,0.78795126
-0.30822878787810104,-0.09973623
0.5623383012706498,0.19009812
-0.6992319465510665,-0.24647453
-0.4523493841032431,-0.14941399
0.13135355018291267,0.95806769
0.49369637328707455,0.16435458
-0.05338454453165576,-0.01700091
0.9720138724937063,0.57548395
0.02776518874803636,0.00883907
0.3105975481925477,0.10052914
-0.752192762211936,-0.27100378
-0.39888151848221415,-0.86939847
0.9425379545457095,0.39156798
-0.9745799064798367,-0.42807531
-0.7607270772060475,-0.27515743
0.9877224337988494,0.54993058
-0.8940792453113433,-0.64783108
-0.21236664415284667,-0.06811711
-0.07300667582779996,-0.02325944
-0.1627722514425563,-0.94795642
-0.7370024448095382,-0.7362406
-0.38215547174338466,-0.87518188
-0.1186262673511481,-0.96215096
0.17769961046787067,0.94313446
0.027695032557354192,0.00881673
0.8504157970930397,0.32364957
-0.9237944996472492,-0.62507071
-0.9999988011853143,-0.49950712
0.7267050798141401,0.25894931
0.2551719528427198,0.91786792
-0.46799966781808755,-0.84497484
-0.7594915665562711,-0.2745522
0.9774825855735585,0.56767725
0.9773480985966816,0.43212018
-0.7064314519018916,-0.24969614
-0.9412427630590987,-0.60965933
-0.16219626935324838,-0.94814223
-0.7199157640496742,-0.74418041
0.9257685661246922,0.62341925
0.7044152286222984,0.24879067
-0.9932909377108554,-0.46310741
0.5984791295432876,0.79577194
0.5540687336623524,0.81307447
0.4765361898119381,0.15810788
0.9574032524267629,0.40675895
-0.7153179624575529,-0.74628187
0.5610869709109736,0.18961668
-0.0672600678733391,-0.02142572
0.05056061959926401,0.01610081
0.9521326088622825,0.40111446
0.7777545280120651,0.71635867
-0.8853291706262506,-0.65393302
-0.1426618456786606,-0.04556614
0.4734729339983931,0.84300017
0.45977242686240083,0.15206902
-0.5929970462631778,-0.79794457
-0.5629203561055689,-0.19032223
-0.5580821336324256,-0.1884626
-0.44201709941756684,-0.14573695
0.9893435958262896,0.54651113
0.5250488638213914,0.82404704
0.41069157711979576,0.8652873
-0.8404460120479429,-0.31770693
-0.9321682517520574,-0.61791462
0.1687461229245859,0.9460282
-0.10490512092299198,-0.03345389
0.997736717787268,0.52141985
0.6480299539718071,0.22440685
0.1308381037871231,0.04176681
0.7098207238398703,0.74877594
0.9998103372867433,0.50619959
-0.7106133708264272,-0.74841754
0.7514183044328853,0.27062992
-0.5043798066823206,-0.16827884
0.9774777923618555,0.43231552
-0.06866283675701321,-0.02187327
-0.798627901136764,-0.29444042
-0.39460663892919406,-0.87088087
-0.9424855782624169,-0.39151809
0.586671550895987,0.19956203
0.957016779169402,0.40633386
0.46492966524126866,0.84607961
0.2599933035206116,0.08372036
-0.9916162384100842,-0.54124663
-0.4996434735227103,-0.16653564
-0.966261062463136,-0.58292004
0.028777099474240373,0.9908387
0.8653175805287213,0.66711673
0.9288941190014378,0.37923933
-0.851630135123604,-0.32438565
0.9171473855638774,0.36951416
0.8559227083415456,0.67298988
-0.9984465490864186,-0.48225524
0.42652015715354535,0.14026068
-0.96030082864491,-0.41000815
-0.48631260560631984,-0.16165837
0.5098511225522694,0.82970048
0.5060110057562561,0.83111951
0.49883782105294017,0.83376033
0.3966918041087086,0.87015817
-0.11219266173953926,-0.96421262
-0.526102174892566,-0.17634706
-0.9998995044225536,-0.50451276
0.8462588487446953,0.67884965
0.12298819535980388,0.03924773
-0.8439636726459787,-0.31978373
0.9250743194785793,0.37599758
0.4959486429748886,0.16517958
0.6934859896113789,0.24392607
-0.8039156976077456,-0.70274629
-0.5885337055506586,-0.79970542
0.9411668663071739,0.39026916
-0.49328137534460037,-0.8357973
-0.17677047665068008,-0.05656503
0.25765528136181043,0.91705011
-0.9662199608566238,-0.41702918
-0.5713867504693206,-0.80640564
-0.7462250288091407,-0.73186429
-0.6849129583325189,-0.24015979
-0.9048299550914485,-0.63999783
-0.6983643770496647,-0.75391153
-0.27410755607384524,-0.08838243
0.4965452502541077,0.16539832
0.9444594341120137,0.39341376
-0.5422448462507364,-0.81757452
-0.16570885909006147,-0.0529912
0.9399926540994987,0.61083154
-0.8922914962347539,-0.35090346
0.8963881800446497,0.35381832
-0.06380679322684801,-0.02032414
-0.8610844447922327,-0.66978576
0.11229349394914202,0.96418032
0.6303998024682692,0.78289097
0.23625311290576595,0.07591945
-0.9000070154369132,-0.35643883
0.8246473983375076,0.30862644
0.6307686129888764,0.78273971
0.02162497519172644,0.99311602
-0.9942585753397098,-0.53412581
0.5133653564576506,0.82839858
0.9920949820647538,0.45994995
0.2989509558266714,0.0966367
-0.9083348957784415,-0.36264584
-0.7337215990825657,-0.26221835
-0.17308554379734442,-0.94462629
0.32057017253855635,0.1038745
0.2549999907027176,0.91792453
-0.4758017326025299,-0.15784202
0.9952094555637987,0.53116959
-0.8238976028057163,-0.30820491
-0.9044252827160693,-0.64030006
0.44914306229792855,0.85172935
0.22316974001634896,0.92835958
0.2984699611163373,0.90352373
-0.9998902483040099,-0.50471601
0.8709980990746543,0.33652685
-0.8539345332751973,-0.32579014
0.37684159063082384,0.87701011
0.06502953219299844,0.02071416
-0.975231584627546,-0.57099287
-0.9386390726807556,-0.61208751
-0.8873070391185552,-0.34742654
0.7610601079449953,0.7246792
-0.10504174373857171,-0.03349762
0.35513211469527234,0.88443588
0.1795071807201845,0.05745031
0.001281361044978116,0.99959213
0.9709793646980315,0.42312688
0.6211730569567933,0.7866564
0.12830486648606826,0.9590464
-0.8234341404792018,-0.69205524
0.3496824798683967,0.88628947
-0.1613284876270364,-0.94842214
0.9390280492236606,0.38827203
0.8531864736023661,0.6746669
-0.9942362055117161,-0.46580771
0.975897644695834,0.57002789
-0.5770310856168116,-0.19578886
-0.5186341515125716,-0.82644068
-0.5168224311472684,-0.17288526
-0.03083722518180204,-0.00981735
0.39103701336281854,0.12788356
0.7169558899211207,0.25446512
-0.9996556686387029,-0.49164655
-0.9979430236303302,-0.47958007
0.9331759325916859,0.38297458
-0.4771200981995421,-0.84168067
-0.9979447975682367,-0.52041112
0.3648197201892037,0.88113062
-0.9108569616848704,-0.63542196
0.9249999456813931,0.62406474
-0.9938290646074439,-0.53538052
-0.19523122455108838,-0.06254573
0.09208984867230197,0.0293547
0.6703361510052102,0.76614992
-0.41123794940767416,-0.86509653
-0.9972825122469886,-0.52347185
0.8335417482763585,0.31369055
-0.051920052008381005,-0.9834659
0.7775388839714591,0.28353215
0.08070738509369588,0.97428207
0.5069553877598345,0.83077088
0.34493265773267595,0.11209825
-0.9385176582776883,-0.61219951
0.18264290595695926,0.05846522
0.2984854327994941,0.09648143
-0.9058159131423081,-0.3607411
0.3887300940969045,0.12708614
0.4250444249652987,0.13974153
0.5219934943733353,0.17481148
0.8943405830669225,0.35235475
0.2472482239898066,0.92047369
0.5270513075639247,0.82329756
0.6498538752508508,0.77483008
0.48772357093668384,0.8378274
0.5973994117260103,0.20379928
0.26875664197357135,0.91338726
-0.8713742839013019,-0.66322925
-0.31881732848635325,-0.89671435
-0.296203774501028,-0.09572075
-0.5007512234308195,-0.83305715
0.0751884035714251,0.97604418
0.1349653421752295,0.04309231
0.5980994709851173,0.20407724
-0.042380645371692977,-0.01349422
-0.995795213459613,-0.52920044
0.8484457382971922,0.67753878
0.8813278224525666,0.65665025
0.9849906632899041,0.44478074
-0.7637984078738722,-0.27666784
-0.6463594787165697,-0.22370934
-0.9303057636806475,-0.61954151
0.9955878376326417,0.52991236
0.6324563555782104,0.78204677
0.6077655049096591,0.79206606
0.5384548409741419,0.81900825
0.2635645270772277,0.91510181
-0.7323394331659793,-0.73842846
-0.9948326074273528,-0.53237338
0.9117687946495278,0.36528301
-0.7487810115538437,-0.26936053
-0.9370966623928508,-0.61350245
-0.41472185513857607,-0.86387888
-0.9983785005205104,-0.51812935
-0.5876638333536381,-0.80004777
0.21463763462473218,0.93114295
-0.35953348970899834,-0.11706416
-0.3792512649626985,-0.1238184
-0.8324591215909879,-0.68693231
0.7786518690968666,0.71590385
-0.21719033760571055,-0.06968923
0.6228277459949454,0.21401626
-0.1412722438821762,-0.04511929
-0.8475629506619701,-0.32193102
-0.5340284374487096,-0.82067752
-0.6655535518024254,-0.23180448
-0.590909738320518,-0.20123107
-0.8906757824487622,-0.34976827
-0.738918214492509,-0.26466303
0.971465466406967,0.42377654
-0.14645920744041463,-0.04678771
-0.4637409207946342,-0.15349315
-0.33639754567855773,-0.10920858
-0.8341709492388282,-0.31405339
0.4652382056878541,0.84596867
0.9671588907321824,0.58180311
-0.639544950921909,-0.7791228
0.9213219501980365,0.62711048
-0.9506633695254371,-0.39959582
-0.3532162760559224,-0.88508798
-0.9838916219167112,-0.4427895
0.9914309205135847,0.54170065
0.9923659292133967,0.46064319
-0.7878849610457465,-0.28882386
-0.937407154068489,-0.38678102
0.08666388520018106,0.02762062
0.07250127983795125,0.02309814
0.9998868347353062,0.50478879
0.28880952429748186,0.09325943
-0.4622009403356922,-0.15294012
0.36209594993036376,0.11793873
0.036009913068793455,0.01146479
-0.5799850565010929,-0.80305838
0.29292137350787945,0.90537258
0.8459538696957084,0.32096822
0.46377646392268307,0.84649408
0.14177161222572127,0.95472014
-0.5872647377496121,-0.80020475
-0.23600446609584888,-0.075838
-0.8012086539375974,-0.29580931
0.541926731914137,0.18230498
-0.9934104299213687,-0.53656221
-0.7440452598734604,-0.26709533
-0.6949400680428579,-0.24456912
0.19091236230643668,0.93885537
-0.7371111518856001,-0.7361894
-0.9995291558263306,-0.50976834
-0.4383494202831677,-0.14443675
0.8016473532473208,0.70395721
-0.9782466912543958,-0.43348521
-0.6398557958507591,-0.77899407
0.938176307739566,0.61251382
-0.9765549793040351,-0.56906255
0.268924793115585,0.08666831
0.20587662756852146,0.93399544
-0.7107918574575289,-0.25166322
-0.615271365010871,-0.21095356
-0.9845420685929597,-0.44395952
0.1749257801236155,0.94403145
-0.9401003969212545,-0.38926902
0.44988426256704694,0.85146523
-0.2966937655975703,-0.90411594
-0.9927445883166527,-0.53836711
-0.1292718958502956,-0.041264
0.044317342586756674,0.98588873
-0.28392890284688443,-0.09163797
-0.8891151788631227,-0.65132072
0.9943441180939763,0.53387039
0.6447630353578924,0.77695605
0.12023822127337246,0.96163416
-0.22815905141057055,-0.07327062
-0.24843978344064863,-0.07991781
0.8783365608477876,0.65865361
0.8400881858472146,0.31749685
-0.4882226177844274,-0.83764541
-0.18696034344240114,-0.05986359
0.33076755883573344,0.89269239
-0.47559995152254086,-0.842231
-0.6502591112469623,-0.77466033
0.2199497127410461,0.07058933
0.36499138624912486,0.88107193
-0.2726546793801456,-0.91209835
0.22085540836567025,0.07088489
0.762158437012976,0.27586029
-0.8937379218444602,-0.35192654
0.8634564302318443,0.33170508
-0.6384039047671329,-0.77959497
-0.34977881086996143,-0.11374326
0.18662390599770778,0.94024542
0.9522706755257252,0.59874167
0.43405708972463725,0.85708161
0.3743281322540499,0.12212663
0.9799065111409188,0.43608207
0.6980529963313942,0.24595002
0.5668516120753302,0.80816128
0.8946141662222866,0.64745048
-0.9429862384663356,-0.60800411
-0.620394863023284,-0.78697236
0.5660061936266877,0.80848782
-0.40448300446922647,-0.86745148
-0.9120723379068567,-0.36551846
0.435725887135402,0.14350829
-0.984405099141437,-0.44371114
0.25016953809241205,0.08048636
-0.2556035389086349,-0.91772583
0.8981300762689872,0.64492582
0.65874614434769,0.77108713
0.4971886979852887,0.16563433
0.4623213699468625,0.84701665
-0.7970874085832101,-0.70637298
0.9875939301418599,0.55019174
-0.7424120454783943,-0.73368171
0.8525277526542264,0.67506847
0.42027311216100743,0.13806573
0.08844780964276559,0.02819065
0.7847179693959965,0.71280777
-0.8813234730669286,-0.65665318
0.5620624349688748,0.18999194
0.5263211281397344,0.82357098
0.8959704005883812,0.6464814
0.8139374840818526,0.30268021
0.998086046711198,0.480303
-0.6535180876910754,-0.22670766
-0.8569818051964007,-0.67233683
0.9842131256323923,0.55663517
0.7845002294837999,0.28708044
0.5859855676380672,0.80070752
-0.026811976277252524,-0.99146446
0.9828103247595426,0.55910484
-0.5685371952894811,-0.80750954
-0.27143872638852806,-0.91250057
0.576000326378219,0.80461269
0.36610072975706,0.88069256
-0.13293629307635182,-0.95755943
0.9405198851653215,0.38966138
-0.9036391396319694,-0.35911454
0.9347891082238622,0.38441167
0.48957762083869744,0.16284902
-0.999991859657022,-0.49871564
-0.6567422978158342,-0.77193393
0.8513347072307845,0.32420632
-0.14893279947062557,-0.95241619
0.10309228436564186,0.9671263
-0.49508430109465523,-0.83513717
-0.12450296236526213,-0.96026637
0.8980484446060885,0.6449849
-0.9008257260377468,-0.35703788
0.9844242981357912,0.55625411
0.8229681292769913,0.69231651
0.8289919273124214,0.68891487
0.6142838476763129,0.21055501
0.9638958806607313,0.41420561
-0.24383145037761944,-0.07840437
-0.6029680133860111,-0.79398465
0.9153152045858554,0.6319415
-0.17548468490585595,-0.94385075
-0.9908633576846195,-0.54306155
0.8977287226139784,0.64521608
0.8675004816375735,0.66572519
-0.9946865831253606,-0.46717199
0.7610460259277492,0.27531389
0.19203320237154087,0.06150813
-0.9150811580786404,-0.36787364
-0.9988262124396831,-0.48457581
0.4987120767268513,0.16619349
-0.7036271174638863,-0.24843743
-0.07285361770105887,-0.02321059
0.44158997697695257,0.8544146
0.883692190466668,0.34495005
0.9989367571757131,0.51467979
-0.4257422805826667,-0.13998698
0.8687899091406944,0.66489821
-0.21595644039294098,-0.93071308
-0.5063690772139284,-0.83098735
0.7767284842281236,0.71687774
0.5069972252346459,0.16924457
0.9391950786947219,0.61157324
0.9365363408456252,0.6140123
0.9996390001964403,0.50855326
0.7590559947281311,0.72566085
0.6822424003163979,0.23899512
0.525571236828293,0.17614837
0.9312776679363381,0.6186952
-0.08281250019002626,-0.97360974
