0.8760260545794206,0.33981468
-0.02801823979567423,-0.00891965
0.9905251390972394,0.45614743
-0.994878550458924,-0.46777098
0.7165998894470972,0.25430261
0.8019447723153273,0.70379879
0.25113226323491245,0.91919709
0.48549435989560635,0.16136037
-0.7637123836700198,-0.72337458
0.7750892920502044,0.71770484
0.9645298329701439,0.58503327
-0.8564492448856361,-0.67266549
-0.5924238602017727,-0.7981711
0.11334704313485712,0.96384281
-0.9933359369632216,-0.53676852
0.992662244904071,0.46141552
0.3053284445069592,0.90123375
0.033885987099508304,0.98921169
0.841480971911169,0.68168423
0.9896410490175159,0.54585626
-0.9230741274918202,-0.62566823
-0.21860706173252806,-0.07015129
-0.7064007438588866,-0.75031767
0.7588214159237269,0.72577552
-0.8339555745914078,-0.68607088
-0.5775881422434391,-0.80399398
0.9984660694910692,0.48236711
0.21505653995893592,0.93100642
0.17473260926648324,0.0559061
-0.9909834976372977,-0.45722293
-0.6680207977423066,-0.76714171
0.1762318339710142,0.05639084
-0.8613387836875306,-0.33037353
-0.32631994094834355,-0.10580868
-0.9976556731827676,-0.52180013
-0.12329441412913425,-0.96065405
-0.9404577620743949,-0.38960319
0.0653437129490067,0.02081438
-0.021654090936222895,-0.00689325
-0.6845957924058138,-0.24002126
0.7422436468549888,0.73376171
-0.2969559062237653,-0.90402856
-0.07943176626616495,-0.97468942
-0.40296313615113266,-0.13201972
0.8775097185351706,0.3407967
-0.9534145381324939,-0.40245817
-0.9994493725007483,-0.48943635
-0.14551234375963773,-0.95351695
-0.9531199178394265,-0.40214777
0.09659443655201806,0.03079498
-0.9880395292149453,-0.45071973
0.5626424922431303,0.80978477
-0.8716508438952357,-0.33695027
-0.9784244423320568,-0.56624149
-0.3511511473872668,-0.88579033
-0.964687658113915,-0.41515725
0.8905594190179118,0.65031318
-0.972031656322627,-0.42454015
-0.7273067423950579,-0.74077177
0.2734392764162895,0.08816126
0.9744448736131855,0.42788371
0.8242240561509668,0.69161166
0.946065472816977,0.39498046
-0.4249766303646887,-0.13971769
0.9839117999047976,0.44282544
0.4681249304671174,0.84492972
0.7678064326811062,0.72134825
0.8730689308859552,0.66212638
-0.7407768549510538,-0.26554241
-0.3008499061596092,-0.09727032
0.17685294284837622,0.9434083
-0.8155064930869534,-0.30354152
0.2425600061500062,0.92201287
0.17600258790605594,0.94368329
0.15021990524613785,0.04799817
0.998419572710377,0.48210179
0.6671756762086739,0.23249697
0.6516655072951527,0.2259294
0.6755781605815522,0.23610591
0.2002466530819741,0.06417435
-0.14863186054980757,-0.04748694
0.6665597018501007,0.23223385
-0.9860164904511591,-0.55329428
0.7776202500768011,0.28357334
-0.4409468922098386,-0.14535729
0.9762115114122941,0.4304314
0.12212796422210642,0.96102817
0.5417385987231016,0.81776627
-0.747063334743864,-0.26853684
-0.19315844647725122,-0.06187314
-0.5807576561939475,-0.80275639
0.9015066920727152,0.35753793
-0.6648454730479588,-0.23150262
0.8826696217411427,0.65574392
0.3808896352452012,0.87561778
0.646552427734359,0.22378984
-0.9631338255923113,-0.58670068
0.9509608852868823,0.39990154
0.36270708910571736,0.11814745
0.9080362926597499,0.63758124
0.6016578596788639,0.20549292
0.5305739777769961,0.17802358
0.7792393032888238,0.28439433
-0.10172868931003633,-0.96756264
-0.3075690322858988,-0.9004845
-0.21471965150265188,-0.93111622
-0.5582479962639862,-0.81147377
-0.994704053158252,-0.53277395
-0.08525734202466018,-0.02717124
0.6581674523965013,0.77133188
-0.7768151631416111,-0.71683393
-0.4715655154199648,-0.15631092
-0.33295101668888966,-0.10804438
-0.9824250520789546,-0.55976546
-0.8429183941269398,-0.31916439
0.9998356058279323,0.50577184
-0.09976787067270698,-0.96818998
0.9947926156545535,0.53249852
0.2686388072296397,0.9134262
0.37962552584919973,0.12394716
0.5278524227768381,0.17700259
-0.9996815247010551,-0.50803368
0.9532319974239765,0.40226574
0.980869700372987,0.43763789
0.699291034014913,0.24650084
0.3726490579786083,0.12155047
-0.9827725929772619,-0.44083014
0.6912784896939161,0.75704779
0.8366722774856746,0.31550206
0.8286546495221463,0.68910675
-0.029561189943365734,-0.00941099
-0.3791637947686015,-0.12378831
0.6051299922657941,0.20687887
-0.923312171884991,-0.62547108
0.5574676507762126,0.18822694
0.9144645391062262,0.63261223
-0.6303574164689033,-0.78290835
0.1180742694876359,0.03767209
-0.5218856623027028,-0.17477124
-0.8654036376797898,-0.66706207
-0.03183381417341651,-0.01013473
0.17663822511844382,0.05652226
0.9013410438337249,0.35741614
-0.52794634258516,-0.17703779
0.7948894397461036,0.29247119
-0.9588289662838433,-0.59165632
0.9031345738861132,0.64125999
-0.853380859330521,-0.32545176
0.39187415554936356,0.12817314
0.6122898054557531,0.20975142
-0.8593981444291596,-0.67083848
-0.059046238631353415,-0.01880594
-0.6053378385344174,-0.20696198
-0.670994206732465,-0.23413247
0.34864202868364264,0.8866429
-0.899451044173184,-0.35603335
-0.3511901223849979,-0.11422292
-0.9997054332711807,-0.50772623
0.9948791664767157,0.46777292
-0.7958118320207318,-0.29295557
0.7857080766695772,0.71229881
-0.7122918646198125,-0.25234275
-0.054214888374500114,-0.0172656
-0.7603609751337687,-0.72502205
-0.21253739058928306,-0.93182727
0.38944228822766624,0.12733223
-0.795122544356573,-0.70740649
0.9785068285622422,0.43388556
-0.5684901314346886,-0.80752775
0.5432013341411347,0.18278797
0.9954957158874117,0.53022325
-0.6696949025194902,-0.23357512
0.9081603634862337,0.36251307
-0.40035714766682934,-0.86888607
-0.9402159424752955,-0.38937696
-0.07329314212594848,-0.02335087
-0.4284102996855019,-0.1409262
0.9500590409456284,0.60102242
0.7858378189479008,0.28776796
-0.4892658250104715,-0.83726479
0.5463737181805464,0.18399216
0.9999968574998653,0.500798
0.8186425363873671,0.69472702
0.9989573085950392,0.4854628
0.5029886460854269,0.16776625
0.7324748964449062,0.26163487
-0.7013369805430772,-0.24741316
-0.9566514207331897,-0.40593371
0.3325584769655014,0.10791188
0.08648392185407733,0.02756312
-0.02059275227592435,-0.99344466
0.49255319098697914,0.8360637
0.9757545869659578,0.57023625
-0.9593615495478468,-0.59105746
-0.9372622803592013,-0.38664867
-0.9869256937867211,-0.44847135
-0.41328015728926737,-0.13561698
-0.7199044691801265,-0.74418559
-0.2849990265711901,-0.90800672
-0.19949523313300346,-0.93606976
0.9981663884238375,0.51927903
0.026460085718032024,0.00842349
0.5753746216452655,0.19514373
0.4954553664763025,0.83500121
0.3034632730596615,0.90185703
-0.9991057790666075,-0.48653768
0.1465058851709273,0.04680273
-0.8907218973709291,-0.65019944
0.7004124064590136,0.75299944
-0.9382854012789238,-0.38758654
-0.8245422903823448,-0.6914327
0.4637781060695261,0.15350651
0.5458233081465012,0.81621698
-0.026230546411802436,-0.9916496
0.27122177304994644,0.91257232
0.14137210799070168,0.0451514
-0.9740332542609307,-0.57269728
0.9925338983891053,0.53892088
-0.9858692127186053,-0.44642514
-0.28474082703772696,-0.09190754
-0.9680489546277167,-0.58068092
0.291095707191755,0.90598019
-0.9505664480748679,-0.60050358
-0.7736125304444686,-0.28155227
0.37020397991798465,0.12071221
0.9633416242644298,0.58645447
-0.2490313756648673,-0.91988777
0.6761250519395473,0.2363421
-0.3036421859161738,-0.90179726
0.9925039884460342,0.53899886
0.9244071180549468,0.62456043
-0.9938327474208075,-0.46463005
-0.7471381776450167,-0.26857268
0.9996466203526719,0.5084625
0.8499031996005528,0.67666032
-0.39725664257214116,-0.86996228
0.8593135278819868,0.32910885
0.7482213969001033,0.26909191
-0.8546041023105636,-0.32620014
-0.5690031846227123,-0.1926708
-0.8136828935538757,-0.69745924
-0.6249117059697754,-0.21486504
-0.9244097301663232,-0.62455825
0.8855348131684837,0.34620782
0.8906046426742945,0.65028153
0.8556168223164319,0.32682192
0.9513895212384375,0.59965641
-0.7705945591069873,-0.28004061
0.7813552277878871,0.71452874
-0.8901455537586314,-0.34939746
-0.11332113592015011,-0.96385111
-0.442573208877629,-0.14593432
-0.9193052497207728,-0.62875153
0.9985792429456771,0.48303021
0.6761527350860937,0.23635406
-0.0368992404709843,-0.98825194
-0.8538840132086736,-0.32575924
0.7229726323554037,0.25722475
0.0756193620598658,0.02409339
0.5649674671353501,0.19111129
0.0428021784045199,0.98637148
-0.6751873358745779,-0.23593722
-0.7493227636632607,-0.73037918
-0.9907513420034395,-0.45667488
0.5388166475781272,0.81887156
-0.9828303288163844,-0.55907034
-0.46698364393439495,-0.15465931
0.7470034786669472,0.26850818
-0.9795072060140949,-0.56455207
-0.6984714911546731,-0.24613611
-0.6117305878931818,-0.20952634
-0.3965724966779871,-0.12980046
-0.8189532487558222,-0.30544526
-0.12266017100109819,-0.96085748
0.46394267450004045,0.15356564
-0.3560900920878222,-0.88410962
-0.6548814674404084,-0.77271854
-0.4901264605799806,-0.16304941
0.8770216457711194,0.65952696
0.2499884311112532,0.08042682
0.9997107418785375,0.50765629
0.34779773543882603,0.88692959
-0.884569025430487,-0.3455474
-0.6782088407082115,-0.76275648
-0.3765023772553246,-0.87712667
-0.24415512583957424,-0.92148939
0.717560230740867,0.25474119
0.8767301136212157,0.65972
0.9991030939258604,0.51348252
0.28156540489161364,0.09085364
0.202546351901724,0.06492168
0.3040591187707519,0.09834204
0.9569057110699086,0.40621204
0.9151179326475642,0.36790267
0.7292794598638251,0.73985543
0.7294727377917882,0.2602345
-0.8743913487465951,-0.33873902
0.992724315388958,0.53842074
-0.9735451129331913,-0.57338042
-0.19536167828053735,-0.06258807
-0.9654788822606224,-0.58388125
-0.45913845591951297,-0.15184182
-0.9997530744530257,-0.49292613
0.9869392756262333,0.44849818
-0.911413864451642,-0.63499181
0.67788549346956,0.76289651
0.9842979835093807,0.44351765
-0.23403904932400674,-0.92480564
0.7584128211854376,0.27402486
-0.5654541782109199,-0.80870091
0.984617531061093,0.55590317
0.8013886915662438,0.2959051
0.9938566398721416,0.5353013
-0.8226246384732958,-0.69250889
-0.8875348617854848,-0.65241614
0.1791033217775196,0.94268036
-0.9243557656876547,-0.37539672
-0.1140731004320835,-0.96361019
0.0018242904261280314,0.99941931
0.3348491451028154,0.89131464
0.7554224246220148,0.2725683
-0.3984830019072514,-0.86953679
0.7993430755529679,0.29481898
-0.02360521103694685,-0.00751447
-0.8263397245364796,-0.30958086
0.09142385645429936,0.02914181
-0.48814998771916096,-0.1623281
-0.4568612403938227,-0.15102641
-0.3146288753860508,-0.10188006
0.7409450703002127,0.26562213
0.9671194009007438,0.41814745
-0.32598319504775375,-0.10569529
0.7572201734492132,0.27344302
0.9400080455508857,0.38918282
0.05145063517305707,0.98361552
0.8424665148687244,0.31889723
0.2631136491127396,0.91525058
-0.2689948713231992,-0.08669147
0.16326340897528022,0.94779796
0.3886686716956927,0.12706492
-0.23391042894230588,-0.92484775
-0.21251700696160944,-0.06816609
-0.9925971800595467,-0.46124462
-0.7127987037209986,-0.74742731
0.9181424391679737,0.62968882
-0.9465332601543948,-0.39544104
-0.8373378816094039,-0.68411075
0.5532611087231687,0.81338318
-0.32639124059435604,-0.89416731
0.6255719256871085,0.21513432
-0.6655061635083609,-0.23178427
0.6916680708328495,0.24312387
-0.9888990966930084,-0.45252698
0.32066622953252477,0.10390678
-0.7287060969976877,-0.25987795
-0.9222048214708387,-0.37361428
0.818673333371049,0.69470995
-0.148091397244957,-0.95268702
-0.9824393691194838,-0.44025896
0.3158601058400848,0.89770697
0.06224137724565495,0.98017514
-0.7330852868285924,-0.2619204
-0.84269139544886,-0.68096986
-0.026386221257803228,-0.00839997
-0.9041349245426229,-0.64051654
0.7894193830356435,0.71038175
0.6477040829574952,0.22427068
0.8940026130748844,0.64788553
0.8653960185739294,0.33293309
0.9999957405162484,0.50092906
-0.24201429445921738,-0.07780809
-0.9527408534016228,-0.5982502
0.23008373797208836,0.07390001
0.2751011947831199,0.91128864
0.14985345568993252,0.95211981
0.5736014127691486,0.19445415
0.021112290119343093,0.99327925
-0.9999236414167644,-0.50393366
-0.9847672399032961,-0.55562977
-0.743582695258353,-0.73312496
-0.982336159724488,-0.55991686
0.848788826124847,0.32266766
-0.9705390007997117,-0.57745704
0.9886679032202899,0.45203425
0.510496736855696,0.82946154
0.9803082989334833,0.56327352
-0.1330014938700523,-0.95753849
-0.5225931713492223,-0.17503532
-0.33922680397011074,-0.88983459
0.9995979978080682,0.50902597
0.8909199201501573,0.65006071
-0.9602030863230657,-0.59010331
-0.7525308811004557,-0.72883284
0.44846408712140023,0.1480288
0.9044295582407978,0.64029687
-0.656968827348879,-0.7718383
-0.0762003520506215,-0.97572114
0.904898535770504,0.36005345
-0.7419319015568512,-0.73390975
-0.6560939819494144,-0.22779252
-0.8626348771714945,-0.33118737
-0.7461010831475723,-0.26807645
0.9605371458793949,0.41027819
-0.21163726106473446,-0.06787954
0.3947160114110956,0.12915702
-0.882402995806767,-0.6559244
0.8328020914840385,0.68673519
-0.4164726030992514,-0.86326618
-0.608161078319965,-0.20809253
-0.9557458540598724,-0.59505104
-0.45339215680001355,-0.85021372
0.4518453800715396,0.14923413
-0.28986235169151126,-0.09360953
0.7225825084673709,0.74295494
0.831298037182594,0.68759828
0.8479256411328742,0.32214868
0.7306722359082115,0.73920678
0.9761791726428336,0.56961606
-0.7022506247668088,-0.7521786
-0.5661092943961535,-0.19155199
-0.7887347067062264,-0.28926347
-0.36211718078557315,-0.11794598
-0.06748549784447908,-0.97850236
0.9576895027246357,0.40707502
-0.878706494997354,-0.34159289
-0.1593411208551437,-0.05093697
0.32188736522485056,0.89568276
0.18073958681919333,0.05784912
-0.693140783225359,-0.75622641
0.9679868628991128,0.5807597
0.24181563809419115,0.07774292
-0.14377149053973085,-0.95407697
-0.14340378459035877,-0.95419524
0.21942835223900958,0.92958078
-0.9677329952860239,-0.58108102
-0.8057911266368942,-0.7017404
0.7470174511960266,0.26851487
0.9948395170266947,0.46764829
0.8570645417140504,0.32771428
0.8996298496465721,0.35616364
-0.8885927458633737,-0.65168366
-0.6655560137631905,-0.76819447
0.7166862615333061,0.25434203
0.995451566351125,0.46962888
0.9133623500124224,0.36652344
0.08728303136581066,0.02781845
-0.4869907947794722,-0.83809452
0.777656118931307,0.7164085
-0.9915717486028566,-0.54135608
0.9891519311508931,0.45307171
0.05279510313566972,0.98318698
0.972432546230361,0.42508544
0.9594166445725091,0.40900471
-0.9500981121406482,-0.60098256
-0.9918740216728559,-0.45939332
0.9876288920521068,0.44987918
0.9515804737402527,0.40054113
-0.6308134427971586,-0.78272132
0.3036063263753052,0.90180924
0.5378484488160262,0.18076274
-0.9071197431426784,-0.63827607
-0.878866626166559,-0.6583003
0.6402643012257123,0.22117517
-0.17626365490756712,-0.94359887
-0.9341488650298614,-0.61616072
0.9715541057372392,0.57610441
0.6679625145156691,0.76716664
-0.6246436215319966,-0.78524425
-0.8775133493643752,-0.34079911
-0.2029459692371399,-0.06505158
0.9795844490051466,0.56442988
-0.7180616246619536,-0.25497042
0.9935814263035578,0.46391581
-0.30910892852671323,-0.89996923
0.8654311686898837,0.33295542
0.6298679635750931,0.21689101
-0.3364292902016027,-0.10921931
-0.9765913765086354,-0.43099129
0.9704906501356786,0.57752089
-0.95324524222356,-0.59772031
0.13418880085597287,0.95715714
0.27997942948551635,0.90967235
-0.6253429785972628,-0.78495908
-0.8198678478143815,-0.69404685
0.47187892346362365,0.84357594
0.5845789000481654,0.80125974
-0.8982027698190964,-0.35512681
0.7009582402961121,0.24724408
-0.6373396508768893,-0.78003484
0.8474492596762432,0.67813716
-0.8908448875315396,-0.34988671
-0.9997683231617244,-0.50685196
0.12949322987114206,0.04133505
0.29737262114207896,0.90388964
-0.8204138918623298,-0.69374307
0.48431278254765936,0.16093032
0.9631387020064658,0.58669491
-0.9361807301549369,-0.38566525
-0.9968317903080663,-0.47465532
-0.9200007186752913,-0.37181215
