0.14601674728572117,0.04664534
0.16896742843995782,0.05404327
0.9763538742342535,0.43064071
0.9998417958138622,0.50566213
-0.6892487284449459,-0.75794073
0.3264338828937805,0.89415295
0.9930744745032616,0.5374837
-0.24439679837558748,-0.92141006
0.8289676276501311,0.6889287
0.005398989241143323,0.00171856
-0.9007486174624035,-0.35698136
-0.5659431271243205,-0.80851217
-0.8260350615402166,-0.30940873
0.9663324178189047,0.58283181
0.7007647842834546,0.24715775
-0.9999481504907108,-0.49675855
0.9943710754921637,0.4662105
-0.6988876800491808,-0.75367872
0.9887651490791507,0.54775911
-0.7969274745405536,-0.29354273
0.9797924895047845,0.56409964
0.8727873575737098,0.3376899
-0.6563572061616028,-0.77209644
0.3481789966890987,0.11319986
-0.5477489473913919,-0.1845151
-0.5489693037563609,-0.81502038
0.3968498609938301,0.87010336
0.9144702344211484,0.36739225
0.669575861151415,0.7664759
0.9859930680372682,0.553339
-0.8938078115513688,-0.35197614
0.4307068061637934,0.85826431
0.5270443125899722,0.82330018
0.5105601371315761,0.17056193
0.3285480876853243,0.8934407
0.9352935657939467,0.38486458
-0.9882503782400567,-0.5488431
0.13052414688967115,0.95833399
0.8055085999862859,0.29810779
0.9870926711411767,0.55119783
0.9924539933324282,0.53912886
-0.8045051316453169,-0.29756939
0.48699614535453734,0.16190743
-0.8133782753292499,-0.30237402
0.9620902183592966,0.58792703
0.9402087414333757,0.61062977
-0.9897390313915412,-0.4543615
0.06109051300847617,0.01945783
0.9447608829554185,0.39370613
0.997297150110151,0.47659148
-0.9426380653376286,-0.6083366
-0.5730115210378305,-0.19422498
-0.19234942828953205,-0.0616107
-0.003271146100835608,-0.99895876
-0.8803830459956853,-0.65728553
0.9812765399339511,0.43830668
-0.9999996154293811,-0.50027916
-0.9995077467700285,-0.49001203
0.362348980214846,0.88197486
-0.35905463704045687,-0.11690083
0.204474139263602,0.06554843
0.7526642281051859,0.27123162
0.04274310773990418,0.9863903
0.7441260445526809,0.73286618
-0.18184301407548198,-0.94179373
-0.99966121303071,-0.49171408
-0.5836142678792019,-0.80163803
-0.3825513958637678,-0.12495451
0.13259019614412473,0.04232942
0.25154981807364823,0.08094023
-0.886902472788429,-0.34714754
0.2055916318518324,0.93408814
-0.22400130391581466,-0.92808801
-0.056123855350500254,-0.01787417
-0.2486247686767705,-0.0799786
0.4613139338458228,0.84737819
-0.9976304735150558,-0.52191703
0.3611396933922098,0.88238775
0.004806555420325272,0.00152998
-0.14475891597443039,-0.04624066
0.9040940493140605,0.35945301
-0.4641552844491749,-0.84635796
-0.9968434688238456,-0.4747021
-0.3217598501759917,-0.10427437
-0.9991579165191867,-0.51306391
0.08600204437986614,0.97259084
0.774306222601676,0.28190097
0.8876249780849339,0.34764613
-0.783691122152982,-0.71333453
-0.9715509883570745,-0.5761086
0.5600195302479785,0.81079362
0.985731498486129,0.55383591
0.1692367179240551,0.94586976
-0.19175198287204442,-0.06141692
-0.7442878330459084,-0.73278908
-0.9246744066268964,-0.37566283
0.9981878079449091,0.48083394
0.9962833930791922,0.52745194
0.8518568806489654,0.6754766
0.48401360059359566,0.83917852
-0.7503697530893679,-0.72987546
-0.9881390920188956,-0.54907432
0.6011770578635722,0.79469864
0.4377723113791799,0.1442324
-0.48751190981777875,-0.83790457
-0.9462431296501184,-0.60484485
0.6033804120219218,0.79382007
0.738975767311836,0.26469022
-0.29566640789598314,-0.09554168
0.8188029363390765,0.3053619
-0.3796732777218016,-0.12396359
-0.5774315132585333,-0.80405505
0.09857376080152859,0.96857196
0.5831722850181346,0.19818875
0.12970798468082503,0.95859601
0.9269483844268305,0.62242215
0.9988747243011847,0.48489797
-0.24543478469212288,-0.92106928
0.15968208523694852,0.05104691
0.3438796362487017,0.88825878
-0.3013513729096789,-0.09743771
-0.3085457155714689,-0.90015772
-0.9858763006888591,-0.44643861
-0.8370427853222309,-0.3157175
-0.987541425017117,-0.55029806
0.7484149744477615,0.7308152
-0.9394459657967644,-0.38865956
-0.7984435403751686,-0.29434293
0.33034822026536503,0.10716618
-0.25163823687804404,-0.91903069
0.8563307507005727,0.67273854
-0.8167088599684201,-0.30420379
0.9803090557900662,0.5632723
-0.9632535990036393,-0.41344115
0.7602942070464668,0.27494523
-0.05345560000208923,-0.01702356
-0.9820855816424922,-0.43965838
-0.7093180640410818,-0.74900301
0.9717938755197002,0.57578146
0.8554075359597028,0.67330674
0.942919927346963,0.39193249
0.9944373426161506,0.53358983
0.12232574134595038,0.96096474
0.9300930332054762,0.61972599
0.0704362961090495,0.02243915
0.7768967042552225,0.71679271
-0.226663216980588,-0.07278167
-0.17536579478295694,-0.05611081
0.894224922136882,0.35227248
-0.872472381650405,-0.66251539
-0.5078654688042703,-0.1695653
0.9591013648806375,0.4086495
0.0025117006856346285,0.9992005
0.21360826028797278,0.93147839
-0.1157368215382694,-0.03692292
-0.4515648732261649,-0.14913405
-0.9540767818973409,-0.4031594
-0.14660073132543505,-0.04683325
0.3169596154811005,0.89733803
-0.8095891247523984,-0.69968996
0.2632941647996309,0.08480898
0.9228733472810144,0.37416571
-0.2743667707910744,-0.08846823
0.36435929910198095,0.11871199
-0.9675093254016192,-0.58136309
0.35928673100204905,0.88302001
-0.1369169904286427,-0.95628064
-0.9204884379961203,-0.62779115
-0.18034734642598463,-0.05772218
0.9940947570329473,0.53460971
0.9977659921376313,0.47871918
-0.9999999975106312,-0.49997754
0.6634410151847332,0.76909536
0.4510954682051602,0.85103339
0.5890524588095425,0.20049887
0.01910905070935724,0.99391703
-0.23461820259828858,-0.07538399
-0.9929020623144815,-0.53794796
0.9972200160148016,0.47625966
0.4074121173316174,0.13356873
-0.9998928507607631,-0.49534024
0.3070974912510297,0.90064223
0.8493051600145672,0.67702125
0.9444754044625583,0.60657077
-0.9801624977406597,-0.43649189
0.7158938429364178,0.25398056
0.7625644646410346,0.72394
-0.9808940083264615,-0.43767765
-0.9652004292403371,-0.58422085
-0.700063133128991,-0.24684483
-0.24689914639256208,-0.92058836
-0.2717347585100831,-0.08759734
0.4649370359393319,0.84607696
0.8487776469975019,0.32266093
-0.9988022185310629,-0.48441893
-0.7955746973686231,-0.29283095
0.7369557501159791,0.73626259
-0.0718254990485564,-0.97711753
-0.4374146025162928,-0.14410577
0.9737579370161411,0.57308335
-0.992982711882943,-0.4622685
-0.6384777986152073,-0.22043559
0.8171226335252415,0.30443215
0.9123918039433698,0.36576668
-0.8736457879385587,-0.6617494
-0.3145699793693282,-0.10186031
0.14499780014099822,0.04631751
0.7307775610190552,0.26084233
0.5213636683353067,0.82542351
-0.6983255207120918,-0.24607119
0.9989032717478639,0.4850908
-0.8985483182412191,-0.35537723
-0.0017377396858186905,-0.00055314
-0.6824657879451833,-0.23909239
-0.9355812037941049,-0.38512359
0.8585544641958327,0.67136298
-0.5358241159165472,-0.17999899
-0.9751141940431733,-0.42883839
-0.8610951949698746,-0.33022097
0.14583023832661385,0.04658533
-0.07055820000661406,-0.97752195
0.9885647506812132,0.45181602
0.5853746368913135,0.80094744
-0.3893397667492101,-0.8727032
-0.4373236317857585,-0.14407357
0.7890824165976117,0.71055642
-0.7212591877757223,-0.25643633
0.5227922474709831,0.17510965
0.9698098943727603,0.57841446
0.9879861142744724,0.45060959
-0.05448209372949694,-0.01735078
0.9286493658209396,0.37902914
-0.9661670543360124,-0.58303614
0.9193245976255365,0.62873588
-0.9960087703648205,-0.47155126
0.9389390087095214,0.38818963
-0.9559386658710891,-0.4051578
-0.9976136170595347,-0.52199488
-0.3873572885563954,-0.12661201
-0.3694108618221374,-0.87955951
0.6168729255242642,0.78839924
-0.6810908087180815,-0.23849412
0.9521407329910114,0.59887708
0.8223793796888432,0.30735385
0.9239758744092504,0.62491984
0.28870395161760687,0.90677567
0.6701092198270474,0.23375275
-0.9179523683859202,-0.62984142
-0.7435303038368459,-0.2668501
-0.23506737616307602,-0.92446892
-0.8280847004383605,-0.68943061
-0.6426805284436987,-0.22217773
-0.8936627239138683,-0.35187319
-0.8680138640223349,-0.66539638
0.6832905544516493,0.23945176
-0.886734472083453,-0.65296818
0.99999983134368,0.49981513
-0.7973248631550631,-0.29375222
0.5855586233705918,0.8008752
0.5392738920190808,0.18130124
0.38442462940260064,0.12560014
0.619041817152954,0.21247887
-0.6792126354808636,-0.76232141
0.10616776740750303,0.96614194
0.8187978864826644,0.6946409
-0.9186458383918832,-0.62928384
0.42007198680199054,0.86200482
0.982737214883066,0.44076924
-0.7965104043975059,-0.29332306
0.9946779247460986,0.53285477
0.996792460879565,0.52550159
-0.844461607665671,-0.67992057
0.5656567609692206,0.19137728
0.8287631006192296,0.31095493
0.9149267308272163,0.3677518
-0.6048163316751274,-0.20675348
-0.35997927440260435,-0.11721624
0.5865766504390126,0.19952473
-0.49260664117748554,-0.16395585
0.997347005020632,0.52319153
-0.9048288716278892,-0.36000136
-0.8106513462089882,-0.30088677
0.2667626248489273,0.08595397
0.6327599304230384,0.781922
-0.3166349089102367,-0.897447
0.21447957987461466,0.06880554
0.8918016578453908,0.35055846
-0.37117904129632634,-0.87895361
0.8717284840832228,0.6629993
0.12553647878180013,0.04006521
0.9743863604059002,0.57219916
-0.9478066343758584,-0.60329518
0.865964319526006,0.66670555
-0.8813465254441991,-0.65663765
0.18944660039339195,0.06066939
0.7210047998465915,0.25631945
0.15567656324237944,0.04975576
0.4019239100055491,0.13165837
-0.2967542777276404,-0.09590423
-0.785640403434033,-0.71233363
0.28490630719052196,0.09196249
-0.3739445500070623,-0.12199497
0.0064518440707816435,0.9979463
-0.3430079111412548,-0.11144577
0.991002017195561,0.45726695
-0.599450394723722,-0.20461414
-0.5953165202556376,-0.79702667
-0.22512310699386542,-0.92772157
-0.8207036862099557,-0.69358168
0.9881313333208711,0.4509096
0.9968787075496603,0.52515622
0.4073254991227182,0.13353854
0.9125100438797087,0.36585866
0.004674515764858138,0.00148795
-0.6900926251765265,-0.24243023
-0.940405532595697,-0.61044571
0.9460094288320922,0.39492541
0.7533320288984249,0.72844534
0.9957409144700615,0.47061149
-0.8024248003024236,-0.29645712
-0.37498496199837966,-0.12235213
0.3449101289155097,0.11209061
-0.9052088207377648,-0.63971432
0.4851435371626407,0.83876735
-0.12112565901120485,-0.0386504
0.8329303447038072,0.31333857
0.22630287624574108,0.07266391
-0.690665297160761,-0.7573178
0.48085385059232577,0.15967324
0.8559768004877423,0.67295658
0.8243795426428087,0.30847576
-0.7759094637074014,-0.28270867
-0.7019412152400243,-0.75231691
-0.5351999065856565,-0.82023628
0.2332848925486586,0.07494747
0.889809169497583,0.34916265
0.10559955537529343,0.96632383
-0.8064733577345564,-0.29862659
-0.9258383458840381,-0.37663951
-0.5106168087397184,-0.17058291
0.6867593827341505,0.24096739
0.9723086121477251,0.57508355
0.9507763695681116,0.60028817
0.8935265426513724,0.64822338
0.6252651145138342,0.78499084
-0.03064395153927684,-0.9902442
-0.629745048758726,-0.21684064
0.999974343208352,0.49771983
-0.20393425385409072,-0.93462712
-0.23256353335666488,-0.07471136
-0.5056367202898289,-0.16874238
0.7857177351785554,0.71229384
-0.6750954463534287,-0.76410243
-0.615041141988518,-0.21086061
0.8815103105457994,0.65652727
0.9805545116875785,0.56287541
-0.6805486323531328,-0.7617415
0.1605393431087017,0.05132335
-0.23441776994193136,-0.07531836
-0.4945768193702307,-0.83532306
0.44118260255619396,0.14544089
-0.9827680057312538,-0.44082224
0.9809452273853493,0.43776151
0.920386905709077,0.37212617
-0.9999817431555607,-0.49807656
0.7790686675550954,0.71569232
0.5486946862123353,0.18487505
0.8317528658318273,0.68733765
-0.97060325385792,-0.57737211
0.5883436545867242,0.20021976
-0.7177318441554379,-0.25481963
0.6935932908322286,0.24397348
-0.8127974144703441,-0.69794359
-0.7687546472364322,-0.72087673
-0.12684979358814477,-0.95951338
0.689922242455894,0.7576447
0.8522835684024758,0.32478288
-0.05800827948766643,-0.01847498
-0.7525735406047621,-0.27118778
0.20191523239653522,0.06471655
0.9704516610101046,0.57757234
0.9122176220193301,0.63436871
0.17111646798526184,0.05473744
0.027770967049503735,0.99115909
0.9792662812147481,0.43506827
-0.5741651573983856,-0.80532673
-0.9564518580298204,-0.40571584
-0.9849245000897205,-0.44465886
0.9816520826542051,0.43893044
0.8930312720464204,0.3514259
0.9999885156946833,0.50152552
-0.6800304761075909,-0.76196653
0.10790808095860017,0.03441522
-0.7467305618368101,-0.73162246
0.34342612237398257,0.8884125
-0.6680029601902976,-0.23285066
0.7083368095153483,0.74944581
-0.9965202103495197,-0.47343758
-0.98843345933583,-0.45153967
0.9993291863351283,0.51165978
-0.8149086559670509,-0.69678705
-0.8149367140613688,-0.69677164
0.0027810598957288073,0.00088524
0.6443261193566164,0.22286205
-0.7075065053702245,-0.74982001
-0.5716329987169471,-0.19368988
-0.5343295800299848,-0.17943587
0.16209496071733934,0.05182509
-0.30613668720214937,-0.09903646
0.5859593466209292,0.80071782
0.6929442696739052,0.24368682
-0.13425461317273535,-0.957136
0.8342091512235273,0.68592456
-0.0626986835898114,-0.01997071
0.5914834369473203,0.79854251
-0.9371324078006761,-0.38653015
0.5589207322091009,0.1887844
0.8560952344348455,0.67288365
0.00946638833696665,0.99698671
0.7818762267216098,0.71426287
-0.9544167126062857,-0.59647874
0.8850139610534788,0.34585133
0.9219761818961789,0.37342621
-0.3243655323903361,-0.10515078
-0.21213393720427107,-0.93195869
0.9998823225148054,0.50488333
-0.9587430785922332,-0.40824746
0.38531915464789085,0.12590864
0.9790627090710203,0.43474917
-0.7630087968347146,-0.72372128
0.6342158667059629,0.21867695
-0.7831941811635544,-0.28641094
-0.38051427712208574,-0.12425301
-0.7972652266213989,-0.70627923
0.9908686193503508,0.45695087
0.06589067670411768,0.02098886
0.855888867560869,0.67301071
0.46223593071051405,0.84704732
-0.9933138388359405,-0.4631705
-0.4912625781317495,-0.16346445
0.33551863583562963,0.10891155
0.9183874008297487,0.6294919
-0.7836904977037671,-0.28666515
-0.9969617034194694,-0.47518066
0.9370745742749408,0.61352259
-0.20700017654122752,-0.93362993
0.147443037703267,0.04710431
-0.24343605053294065,-0.9217254
0.9835244391819639,0.55786065
-0.9863124048251658,-0.44727394
0.07569065978583268,0.97588385
-0.5577128443430943,-0.81167904
-0.7906908666521604,-0.29027845
0.9020626770189211,0.64205258
0.9342586630680619,0.61606275
-0.6059463597837391,-0.7927946
-0.31851570594357825,-0.89681564
-0.24533997706974084,-0.92110041
-0.9829282858423949,-0.55890111
0.5297033711051166,0.82230325
-0.5741639742106237,-0.19467281
0.998453769960806,0.48229654
0.0011419686813742569,0.9996365
0.8314275987403932,0.68752407
0.9921426601111664,0.46007107
0.38240451820917676,0.87509609
-0.9353944611818598,-0.38495537
-0.5918333570840411,-0.20159565
0.781207060898301,0.2853957
0.6551305804861194,0.7726136
-0.9792512081915211,-0.43504459
-0.09195911860034306,-0.97068709
0.5770258513557966,0.19578682
-0.25669665807997266,-0.08263413
0.9995018123706974,0.510048
0.99983105592966,0.50585117
-0.9949876854242279,-0.53188349
-0.8830361228992277,-0.65549552
-0.9744390443201629,-0.57212455
-0.2998950650732606,-0.09695167
0.9998720508873851,0.505092
0.9901436850107894,0.45527197
-0.9853916352582278,-0.55447485
-0.2596963062330138,-0.91637754
0.30688120228966126,0.09928543
0.8730321491511727,0.66215039
-0.6668664818252905,-0.76763513
-0.744137629304408,-0.73286066
0.04457909246726419,0.01419467
-0.9477613787970877,-0.60334035
-0.007517854650160409,-0.00239303
0.8104464321369883,0.3007754
0.8184979918586027,0.69480712
-0.07753521189775275,-0.97529498
0.939915861207785,0.38909684
-0.9942935368882015,-0.53402165
0.8342789959287337,0.31411576
-0.4443766232652468,-0.85342521
0.05108869767698504,0.01626912
-0.4798214977301233,-0.84070142
