0.9053401887271003,0.63961589
-0.9441634612487134,-0.39312745
0.11276617242284062,0.9640289
0.29615279366497815,0.90429624
0.7955150234492728,0.2927996
0.9999670869440749,0.50258256
-0.9887448768852429,-0.45219774
0.02367838968613797,0.00753777
-0.11653987058161759,-0.03718028
-0.9975503216813439,-0.47771522
0.028069992879399926,0.00893613
0.785141310023114,0.71259028
-0.47606462942815214,-0.15793717
0.9907805662466049,0.45674349
0.8783625709944272,0.65863629
0.2578266022153074,0.91699367
0.9903857695604633,0.54417443
-0.7511544050263846,-0.72949736
0.98530673852522,0.4453667
-0.7924170354787647,-0.70882242
-0.9026253772699956,-0.35836298
0.34476728451441735,0.11204217
-0.24239018050063904,-0.07793141
0.10845500787842248,0.96540966
-0.9743494406225506,-0.5722514
-0.017759180781710206,-0.99434678
0.596438368612953,0.20341799
0.06627577772835617,0.02111171
0.676603770984885,0.23654898
-0.7756279828222494,-0.28256668
0.8877957251995495,0.34776418
-0.9981122422998189,-0.5195617
0.5341250367338942,0.82064115
0.4151414376429859,0.86373209
-0.9771380490416833,-0.56819502
0.9201290509721524,0.62808358
0.9975869588600994,0.47788256
0.862831193471668,0.33131095
-0.8000892526517103,-0.70478541
-0.9995846113110401,-0.50917503
-0.9326072356057485,-0.38247196
-0.30048047095553654,-0.09714702
0.4015255392456297,0.8684801
-0.9732125837536205,-0.42615777
-0.3188162863078388,-0.8967147
-0.3041091587728921,-0.09835876
0.8317342389860547,0.31265167
0.9953699785208849,0.53064251
-0.7787593084313661,-0.71584934
-0.5630031576215476,-0.80964588
-0.9203762060821817,-0.62788254
-0.7127914324143354,-0.25256939
-0.6189504250958715,-0.78755817
0.8176510516651061,0.69527588
-0.9779854850222098,-0.56691441
-0.648356495691261,-0.77545665
0.9798346628133692,0.43596751
-0.37999240165946085,-0.1240734
-0.9999999313460333,-0.50011795
0.07640452410032901,0.97565596
-0.038884870467592154,-0.01238056
-0.997542240968259,-0.47767848
0.9331278901756258,0.38293204
-0.9426479543117792,-0.39167283
0.78710136623321,0.71158084
-0.9703697962065828,-0.42231974
-0.875561687424069,-0.66049155
0.9743145816421072,0.42769931
0.6257357099120108,0.78479885
0.9358829770334772,0.61460407
-0.059628322188739626,-0.98100845
-0.7587028514294658,-0.72583346
-0.7584475270990831,-0.72595819
0.521489393587828,0.82537661
-0.15210360367302525,-0.04860474
0.5981571508839932,0.79589985
0.5405672593470239,0.81820965
0.2069641544113237,0.93364165
0.3090010990646724,0.90000532
0.8022857091421041,0.70361706
-0.9760653992917643,-0.56978278
-0.8476797360622464,-0.32200108
-0.008072360314663686,-0.99743046
0.7356307836153079,0.26311413
0.9436424880947626,0.39262527
0.21540438571958412,0.06910696
0.9722337334549733,0.57518547
0.3229441736315381,0.89532739
-0.9926021394589857,-0.53874238
-0.7582697568888129,-0.726045
0.913360520901503,0.63347799
-0.7535390705521561,-0.27165489
-0.9996463564064759,-0.50846566
-0.8571308477136581,-0.32775525
-0.2176602076251593,-0.06984246
0.8615106104803159,0.66951878
-0.16623078274507821,-0.05315967
-0.9820454285484784,-0.43959059
-0.24799945231944107,-0.92022688
-0.9852804619911504,-0.44531775
-0.9980053170795457,-0.47989175
0.9025698202929161,0.6416781
0.7485604126228138,0.73074539
0.9992434934059095,0.51238223
0.20670249378220734,0.93372678
-0.9384709044528069,-0.61224261
0.9784260260307761,0.56623905
0.8822864647825608,0.34399678
-0.5765980243792389,-0.19562011
0.7093544468830563,0.25101342
-0.8805801041807214,-0.65715322
0.23887707661191843,0.9232207
0.6182364695905466,0.78784741
-0.32409963867869684,-0.10506131
0.9950980467145057,0.53153024
-0.839281380518347,-0.31702396
0.8295114912377554,0.68861895
0.6504145916010363,0.22540482
0.5431315390146404,0.18276151
0.99985856733385,0.50535359
0.9501221297056429,0.60095805
-0.5715591966712084,-0.80633875
-0.4807487059302061,-0.84036493
-0.6102185910603332,-0.79108161
-0.9509008436398243,-0.60016023
0.2997763818679727,0.09691207
-0.49095221598293864,-0.16335104
-0.8955174783184031,-0.64680569
-0.4255847058873781,-0.13993155
0.46079741789497514,0.84756347
0.9717389049197814,0.42414438
-0.6411046624569279,-0.77847644
0.9375875621929152,0.38694604
0.4478672399380118,0.85218372
-0.2555043111196993,-0.9177585
0.3616922058245224,0.11780087
-0.18238736759302246,-0.94161751
0.5799540126618591,0.19692949
-0.24085043926279298,-0.92257367
-0.9965498729170887,-0.5264489
0.5814980667896174,0.80246679
0.7882321271446844,0.71099663
0.6679088566596677,0.23281041
-0.5533525685408408,-0.18665177
-0.2116523675559947,-0.06788446
0.955576412707758,0.5952342
-0.9680587382402134,-0.4193315
0.9089809422618448,0.63686165
0.9483609383006624,0.60274037
-0.9968860868513671,-0.47487355
-0.9308445572296462,-0.61907305
0.9639434143105253,0.41426245
-0.9903229831907485,-0.54431867
0.00259630349984063,0.99917357
0.9441350446880669,0.3931
-0.8632822051616927,-0.66840483
-0.9755992624153514,-0.42953821
-0.9951503036183589,-0.53136159
0.5804968384556891,0.80285836
-0.8526573009221778,-0.32501044
0.32536129883163595,0.89451408
0.9462156287316283,0.39512809
-0.3319057262454812,-0.89230841
-0.9796043321653873,-0.43560161
-0.9469781532576571,-0.3958809
0.8231639511431674,0.69220676
0.9866868689928157,0.55199819
0.3596272965707192,0.11709616
0.49821841928318233,0.16601223
-0.3005855533450267,-0.90281791
-0.8949901902796292,-0.64718239
0.9683677902644834,0.4197248
0.804218822408783,0.702584
0.8266385771144222,0.69025016
0.4440952774771267,0.14647483
-0.9648791802136717,-0.58461099
0.7665391091929441,0.27802285
0.9881995791375515,0.54894878
0.41119424963975076,0.86511179
-0.34119804735020787,-0.11083268
0.7860079257572007,0.71214447
0.7840746963874685,0.71313789
-0.24040060852783426,-0.92272119
0.9960624351253868,0.52825671
0.07999667474294464,0.97450903
-0.2645833893210223,-0.91476556
-0.7595683211343048,-0.27458976
0.621542186929966,0.21349356
0.8241869094792513,0.69163254
0.13637408031060164,0.04354491
-0.5402639371761032,-0.8183244
0.8211979086300543,0.69330617
-0.6528320791341291,-0.22641928
-0.06624220521052654,-0.978899
0.9994923552977146,0.51014293
-0.9987253963978721,-0.51607307
-0.5752189779952879,-0.19508316
0.8993591057024043,0.3559664
0.5242953906226538,0.82432877
0.5239853827065158,0.17555536
-0.8108123816403542,-0.69902567
0.9956690383011453,0.47036437
-0.9994197098393924,-0.48915552
-0.01622115354258542,-0.00516358
0.7717460547705416,0.71938365
-0.11253033583116553,-0.96410445
-0.9731924719119268,-0.42612993
0.9768250381403344,0.56866208
0.8813097415813174,0.34333757
-0.40246773140662856,-0.86815256
-0.773086819723398,-0.28128832
0.8623838358185242,0.33102946
-0.47733496877698584,-0.15839716
0.6546891597161384,0.77279953
-0.24129713901794678,-0.07757284
-0.5431684417430123,-0.8172245
-0.6524054742348914,-0.22624006
0.6909231161564668,0.2427957
-0.6969272153176376,-0.24544995
-0.11163659664612226,-0.96439074
0.9999339610954764,0.5036582
-0.5418659249552373,-0.81771805
0.997781573445626,0.47879355
-0.9463552576544986,-0.39526555
0.8464931591349009,0.67870961
0.09569653872805324,0.03050784
-0.12923797089672392,-0.95874689
-0.6370813095354697,-0.21985846
-0.6967822226108855,-0.7546144
-0.2371355695891226,-0.07620856
-0.9551684943112915,-0.40432625
-0.9815726606203498,-0.561202
0.9645164966218946,0.58504935
0.5585774657267404,0.18865265
-0.7934759205732711,-0.70826923
-0.09662029599906768,-0.03080325
-0.9909145290847552,-0.45705939
-0.7720249582687763,-0.28075599
0.7999641744259061,0.29514823
-0.3355977417063579,-0.89106172
0.8532367605308353,0.32536379
0.4831692419241365,0.16051442
-0.10178813223238624,-0.03245638
-0.8824189440166973,-0.34408639
0.9327039927543337,0.61744267
-0.0026443697024198486,-0.99915827
-0.8594249526995095,-0.67082179
-0.7751947850951044,-0.71765169
0.991631503310052,0.54120901
-0.3757624283586504,-0.12261913
0.0211010143141893,0.00671716
-0.9918206726336096,-0.54073994
-0.9978947099848215,-0.47934157
0.31813104500911477,0.8969448
-0.9759599383491324,-0.43006303
0.5845910326989017,0.19874502
0.9545682988759274,0.59631695
0.8882171442484872,0.3480559
-0.8292504469258686,-0.31123232
0.7921136818587439,0.70898067
0.9253312157734249,0.37621307
-0.9769548846046748,-0.56846871
0.12777354028131455,0.04078307
0.7141763541126909,0.74680145
-0.8464883086100425,-0.32128749
0.5677767093619888,0.1921963
-0.12256601078603657,-0.03911232
-0.6935698221265857,-0.24396311
-0.6645351337336365,-0.7686296
-0.8715426839000423,-0.66311996
0.5624070372693638,0.19012458
0.9890986058484583,0.5470437
-0.9880191839939709,-0.45067775
0.8355350152355473,0.31484216
0.6490213867210429,0.77517856
0.757941857389538,0.72620505
-0.8479753497724826,-0.67782147
-0.9816766651476992,-0.56102851
0.07624583526956144,0.97570662
-0.8207227302977859,-0.69357107
0.33808482921442906,0.89022092
0.1389558102254525,0.0443746
0.9779220204659962,0.56701115
0.30075855529480383,0.09723983
-0.576919416241778,-0.19574534
-0.7595818890011852,-0.7254036
0.5314530732173317,0.82164619
-0.39141521001656426,-0.12801437
-0.6707189916483451,-0.23401434
0.5834035042762515,0.80172064
-0.9841363410959714,-0.4432269
-0.997366834073089,-0.47689534
0.0013696711368614306,0.00043598
-0.8544898370283961,-0.32613011
0.18129520634106464,0.94197105
0.9957656630757575,0.52930294
0.4204599649170904,0.13813128
-0.9991851712208941,-0.51285073
0.9470099241388167,0.39591238
-0.08038742018340501,-0.97438425
-0.23104667665175904,-0.07421501
0.37282519436176037,0.12161089
0.9725427478463473,0.57476398
-0.7624993244479346,-0.27602795
0.6882048038609705,0.24160095
-0.7850566478631573,-0.71263379
0.7383263293318315,0.73561645
-0.511571410446322,-0.82906357
0.27603354566672306,0.08902009
-0.474913951998962,-0.15752082
0.4902423989749998,0.83690825
0.9994533898512409,0.48947496
0.9329389358351182,0.38276487
-0.10345126082601847,-0.03298858
0.7799584687773127,0.71524015
-0.1417291935961205,-0.04526622
-0.9999974124386953,-0.49927588
-0.8370037817414294,-0.68430519
-0.23834445946203028,-0.92339528
0.1265090591989496,0.95962272
-0.9963601640864771,-0.47283324
0.9915511000709945,0.45859322
0.2232147564766433,0.07165512
0.19507500829002533,0.93750497
0.8649768173249455,0.66733301
-0.25305973327579945,-0.91856308
0.9924166741254201,0.46077438
0.9975284397041828,0.47761587
0.9784582197590013,0.43381057
0.051919016681066785,0.01653377
0.2767658537946516,0.08926264
0.813250965269253,0.69769563
-0.5459102514453058,-0.18381605
-0.9206225156620181,-0.37231811
0.3031808581347714,0.09804863
0.7582130617050182,0.27392732
-0.6004184918488944,-0.79500069
0.32043566340113394,0.8961707
0.9611085352225153,0.58906559
0.8424804779498937,0.68109452
-0.36786600260725505,-0.88008851
-0.9341449632576482,-0.6161642
-0.1866834731624284,-0.94022612
0.8764083508254713,0.34006719
0.9833165467779871,0.44177443
-0.9068331688670476,-0.63849265
0.13015414060775937,0.04154722
0.5521523057666103,0.81380669
-0.7931589791140988,-0.29156506
-0.9983284587193545,-0.51840705
-0.9413059722969243,-0.60959974
-0.7902532029524499,-0.290051
0.4358512623662307,0.14355263
0.013364282872396972,0.99574589
-0.3000774265581238,-0.90298748
-0.37354991737838394,-0.12185954
-0.9028958604312747,-0.35856314
-0.9874399561130075,-0.4494971
-0.962757323502498,-0.58714505
0.1208771138212165,0.0385707
-0.9910792138766251,-0.54254907
-0.38686526323773496,-0.87355785
0.444841046240077,0.14673983
0.7573918964674704,0.72647328
0.5751408785101371,0.19505277
-0.17253193746699208,-0.0551948
0.515571426796728,0.82757968
0.8862054179900093,0.65333207
0.7403718673321298,0.73464943
0.6632800287291006,0.23083616
-0.6024685743667215,-0.79418388
-0.9998205048591237,-0.49396888
-0.4098576864293202,-0.86557836
0.3997261290355514,0.13089477
-0.878305456386836,-0.34132568
0.9698715892444806,0.57833389
0.1549321017541739,0.04951588
0.8958381075271244,0.35342381
-0.96529790612726,-0.41589788
0.8534390569572377,0.6745127
0.7283352745688207,0.25970564
0.18586641733851683,0.94049083
-0.7183171762319047,-0.74491268
-0.6225276454680656,-0.78610582
-0.5636743707437822,-0.19061271
0.8124068300029925,0.30184309
-0.17170843585663786,-0.0549287
0.7211423877320825,0.74361734
0.976529916336707,0.5690996
-0.17729397831667368,-0.05673434
-0.9416389001954599,-0.39071464
0.42152811777195176,0.86149388
0.8700663025781974,0.66407586
0.9247211467222985,0.62429809
0.937308688232465,0.61330895
-0.9977367621486966,-0.52141964
0.0010619209491827843,0.99966198
-0.94349187455966,-0.39248051
0.19129051570166733,0.06126726
0.8505886699184343,0.67624581
-0.42323752843654266,-0.13910642
0.9999990819446277,0.49956868
0.5364896041776723,0.81975006
0.9931313091621102,0.4626706
0.07446075141500418,0.02372355
-0.8695465278144887,-0.33558881
0.5405771970811166,0.81820589
0.9816133763462349,0.43886586
0.5835641127160178,0.19834231
0.9955091862219827,0.46982201
-0.9685289562120761,-0.58006935
-0.08205025104990954,-0.9738532
-0.6621661070455921,-0.23036268
0.24320763437097362,0.07819964
-0.6340968167768042,-0.78137206
-0.9557993330613496,-0.59499316
0.9290208483717468,0.6206517
-0.19854039032208665,-0.0636201
0.4113579327695472,0.13494537
-0.7452609144607497,-0.73232492
-0.978435442658194,-0.56622454
0.9846506236455802,0.55584285
-0.4446362578698414,-0.85333295
-0.933389188891878,-0.38316359
0.8778404897570601,0.65898361
0.9350828396873038,0.61532482
-0.5795420454534796,-0.80323145
-0.6554729887227624,-0.22753069
-0.3873081373282042,-0.12659504
0.9539808912088191,0.59694244
-0.9994572859090657,-0.51048746
-0.9763763961580741,-0.43067388
-0.2536378001364095,-0.08162713
-0.6724813930670323,-0.7652285
0.34016411902522675,0.88951737
-0.48724801327902395,-0.16199923
-0.6873114216762785,-0.24120922
0.9833107459186404,0.44176428
0.9685845830466256,0.57999818
0.6596464259664008,0.77070604
0.9549113040742306,0.40405012
-0.9515493049117897,-0.40050886
0.6536561380251026,0.22676572
0.9257582793743118,0.62342791
-0.03250111991760232,-0.98965275
0.913354291553302,0.63348286
0.389320465666009,0.12729013
-0.8830080936417344,-0.34448547
-0.5939893466252513,-0.79755212
-0.783839230834847,-0.71325862
-0.04542624339945044,-0.0144646
0.0857137095185666,0.97268296
-0.9914656743413122,-0.45838412
-0.8031709993726022,-0.70314452
-0.8646382116770392,-0.33245233
0.6795107584105449,0.76219209
-0.306643696721165,-0.099206
-0.5565843478004553,-0.81211161
-0.049084116437139204,-0.01563024
-0.9998576125788354,-0.49462837
-0.1557968145998573,-0.95020549
0.6190735951482165,0.21249175
0.9332249290701976,0.38301798
-0.018355420659782806,-0.99415696
-0.9903570351269033,-0.5442405
-0.14645336493187278,-0.95321417
0.9488245549270117,0.3977259
-0.951929989568964,-0.59909631
0.9942269562219435,0.53421974
0.998540029270849,0.51720244
-0.2278476916631242,-0.07316883
-0.9941503988523908,-0.53444611
-0.7132454775741551,-0.25277552
0.5758466415021354,0.80467253
-0.03915911096702446,-0.98753208
0.8502804189479228,0.67643232
0.5852349969082241,0.19899774
-0.057656821838504124,-0.98163708
0.8552499829311695,0.67340354
0.018727258464048022,0.99403858
0.9879381761181332,0.54948905
0.536445381228148,0.81976674
0.997550956753385,0.52228189
0.9948649187657131,0.46772808
0.8584105568806905,0.3285477
0.3647353889721097,0.88115945
-0.3094801911999125,-0.10015504
0.9877092971255159,0.45004266
-0.47481500028359186,-0.15748503
-0.97634467773363,-0.56937283
0.6900359412957247,0.2424053
-0.5889175692251941,-0.20044574
-0.2639237153227964,-0.91498328
0.4610736205919917,0.8474644
-0.7173233046551457,-0.74536707
0.8168771670085194,0.69570335
0.8641505775978833,0.66785637
0.9774168687281285,0.56777631
0.9805698602309005,0.43714949
0.6597949055541575,0.22935685
