0.2612339033615644,0.91587061
-0.6497820713164453,-0.77486015
0.9706727474881055,0.42271985
-0.2811209785627689,-0.09070622
0.6028323411497591,0.79403878
-0.760800419476124,-0.2751934
-0.9753756336904412,-0.42921473
-0.9917334998477524,-0.45904324
0.4452400044182792,0.85311836
-0.7990770952843254,-0.70532188
0.9219060314550513,0.37336856
0.9345699791587871,0.38421546
-0.6217096234578511,-0.2135616
0.9515625772478192,0.5994774
0.09746292796940804,0.03107274
0.4449848737971882,0.85320905
-0.0531185782153722,-0.01691613
0.4200895771856701,0.86199865
0.07480464227636004,0.97616668
-0.8198690889345539,-0.30595384
0.7906626890000042,0.2902638
-0.577397065880242,-0.80406848
0.7453670030496274,0.73227427
-0.8040234747693209,-0.2973114
-0.22748730014525184,-0.07305102
-0.4387595421004438,-0.85541799
-0.5148753833443278,-0.17216181
-0.6817164864803937,-0.23876623
0.8685656655786135,0.6650423
-0.1208982887947843,-0.96142251
0.727259823645584,0.25920647
0.06560707181220776,0.02089839
-0.9948587324755249,-0.53229137
0.3128617077219402,0.89871236
-0.8759211451257415,-0.66025455
0.9710420467977826,0.42321035
0.6935514675921437,0.243955
0.044186089881593414,0.01406945
-0.9905935155616574,-0.5436938
-0.368113628197892,-0.88000374
0.9456355390340705,0.60544114
-0.31475957548495875,-0.89807611
0.9972133193421233,0.52376893
-0.999348066226308,-0.48850549
0.7321744338440179,0.26149442
-0.6927700209894418,-0.7563901
-0.9124332184431525,-0.36579889
-0.21082846809523156,-0.06761615
0.17432938790562846,0.05577575
0.17794714873522977,0.05694561
-0.46821601204983815,-0.15510309
0.9632283985517467,0.58658871
-0.30805260252442634,-0.90032272
0.9736146549865986,0.42671652
-0.5080507020806012,-0.83036625
-0.06263970638862154,-0.9800481
0.7490009239331906,0.26946616
0.40640497963708777,0.13321778
0.9814762318860139,0.56136242
-0.9804162532840657,-0.43690073
-0.9661535458031566,-0.58305281
0.9342455663699192,0.38392556
0.9230851832928415,0.62565908
0.8833737301188143,0.34473362
0.5002934077538791,0.83322548
0.46298860652439733,0.15322292
0.9542228215288198,0.4033147
-0.291140609678215,-0.90596525
-0.5785787179497641,-0.80360756
-0.7627353776901936,-0.27614411
-0.8978992501628347,-0.35490718
0.84338083765396,0.31943816
0.9649547109680333,0.41548058
-0.9764486838071398,-0.56921955
0.8833709178803573,0.34473171
-0.9793337123493463,-0.43517431
0.9999783171163772,0.49790384
-0.9998694857644137,-0.49485721
-0.9997928542259225,-0.49352096
-0.6384426417394218,-0.22042105
0.9592497051479906,0.59118354
-0.8761301956441537,-0.33988343
-0.9990175888504128,-0.48588934
-0.7491840692218475,-0.73044584
0.690716027432424,0.24270453
0.7462980329545665,0.26817062
-0.9266770672437393,-0.37734787
0.549085414726032,0.18502384
-0.9540633702332955,-0.59685485
0.8443765203299114,0.67997113
-0.7256975387487387,-0.25848281
-0.983593086691943,-0.55773965
-0.07463152314343698,-0.02377806
-0.9191786856180284,-0.62885386
-0.9493811048329959,-0.60171164
-0.42895845773961716,-0.85888067
-0.7916670655343537,-0.29078653
-0.8750207239894916,-0.66084762
0.6748005180280503,0.23577034
-0.579303331580249,-0.19667532
-0.9671133124074366,-0.58186017
-0.8921855102738833,-0.35082875
-0.16812188843489204,-0.94622978
0.8351861213918236,0.68535987
0.6229806617260726,0.21407848
-0.3002452433786783,-0.90293148
-0.8125646677210824,-0.30192927
-0.9274025950787428,-0.37796378
0.6466610602068364,0.22383517
0.2705712235681703,0.91278744
0.9971751369853622,0.52393129
0.9400246996040408,0.38919836
-0.9400538013081031,-0.38922552
0.997813542417615,0.52105304
0.7382400870294908,0.26434285
0.4040659851613812,0.86759661
-0.42876047715943755,-0.14104957
-0.9970120066046749,-0.47538708
0.9954213563768785,0.46952811
0.7455943858367448,0.26783432
0.8914655352671309,0.35032215
-0.9789974170940141,-0.56535285
-0.9864905745629038,-0.55238099
0.7525914765143574,0.27119645
0.8505355719475254,0.67627795
-0.9874929459245545,-0.44960397
-0.9755244284756954,-0.4294298
0.6374158079538024,0.21999662
0.9642425924049886,0.58537895
-0.07216951938374813,-0.02299226
-0.7569232790060766,-0.72670163
-0.7686527516516307,-0.27907256
-0.7630659577211356,-0.27630687
-0.9780134098987845,-0.5668718
0.9208056630376142,0.6275325
0.17085683191502038,0.94534644
0.12486295366162015,0.03984912
-0.9317117712724327,-0.38168467
-0.9293656063097387,-0.62035478
-0.8298464778851405,-0.68842794
-0.32286008856753035,-0.89535567
0.9872800441458448,0.55082406
0.7794232652202722,0.71551222
-0.7735271423731204,-0.28150938
-0.8315065251560113,-0.68747885
0.38886717386600583,0.1271335
0.8848221519431035,0.65427976
0.9356762397092566,0.61479071
-0.27486743982042394,-0.91136603
0.6465615827967905,0.77620634
-0.97401044593201,-0.57272934
-0.308882628479063,-0.90004497
-0.16072073979643214,-0.05138185
-0.7972834502480824,-0.29373038
0.11380948954124033,0.96369465
-0.9950614955708423,-0.53164767
0.74460425400535,0.73263823
0.9593315451741748,0.5910913
0.5255038294657874,0.17612315
0.42363224740578215,0.13924511
-0.9515365428646033,-0.40049565
-0.9320693825027055,-0.61800152
0.2692643081588889,0.08678052
0.8564563644546648,0.6726611
0.5093975292830485,0.82986829
-0.9984831928933788,-0.48246583
-0.9719263998743302,-0.57560238
0.6278522446595737,0.78393421
0.3956746356346972,0.8705108
0.399084032383142,0.13067183
0.46821884352190823,0.15510411
0.5961142152505254,0.79671054
-0.9414791378325225,-0.39056367
-0.04478685818024084,-0.98573913
-0.3318324081587082,-0.89233315
0.8659173546724437,0.33326456
-0.9466269585703969,-0.39553353
-0.7732912518239681,-0.71860907
0.8530665984902341,0.32525996
0.08250977915378324,0.02629357
-0.3937047741825354,-0.12880677
0.9405651525458473,0.6102962
0.9965071786916604,0.52661214
0.8610086874586789,0.66983318
0.9472209427258271,0.6038783
-0.9847673819287902,-0.55562951
-0.047318083458258234,-0.98493256
-0.9677001826903758,-0.41887754
-0.2813982772841344,-0.0907982
0.8241167694571824,0.30832804
0.6005207872842123,0.20504003
0.9999396452732813,0.50349722
-0.33939770398923397,-0.88977676
0.8168980781897114,0.30430819
-0.3218564016453804,-0.89569317
0.9900891341265444,0.45514816
-0.4394107325063276,-0.14481272
-0.6028246960655941,-0.79404183
0.9974057424307771,0.52293325
0.9959412411598217,0.47131144
0.6415690532956695,0.77828378
0.9900143066790431,0.45497888
0.44763377714426333,0.85226683
0.936806278771055,0.38623305
-0.7104592688738527,-0.25151275
0.9860669092070375,0.55319789
-0.8262778309405832,-0.69045412
-0.38011372140878863,-0.87588485
0.9948961558842743,0.46782647
0.6618320780708908,0.76977918
-0.01961104593873478,-0.99375721
0.643287895470102,0.77756984
-0.9999471614471482,-0.49672778
-0.2919815260539188,-0.09431458
0.9133191371381925,0.63351034
-0.9189757723982711,-0.37098224
-0.4536203810615711,-0.14986779
0.18224382456243518,0.05833602
-0.7287048491577367,-0.74012263
-0.9866174113471762,-0.55213396
-0.9272294183917987,-0.6221835
-0.9991472344886226,-0.48685348
0.4411905812137163,0.85455628
-0.5534304415132264,-0.81331847
0.5807263264287501,0.80276864
0.9817663646680181,0.56087849
0.2721418324889154,0.08773199
0.9987511040954211,0.51591012
-0.7121055364001283,-0.74774174
0.5177765843599818,0.17324015
-0.8921507714833327,-0.64919573
0.6007412467484796,0.2051278
-0.8555703281233628,-0.67320667
-0.520870201324217,-0.82560755
-0.6889704851489418,-0.75806295
-0.9449025313922594,-0.60615622
0.8063567634238801,0.70143617
-0.7747784036064235,-0.28213859
0.09678639526899381,0.96914363
-0.9631164386429453,-0.58672125
-0.9998801598142444,-0.504928
0.9148738977147169,0.63228986
0.48807927366020876,0.83769769
0.6631108282243039,0.2307642
0.8411390229769037,0.68188559
0.998093051772991,0.48033909
0.6096010407293094,0.20867034
-0.563229774822014,-0.80955859
0.8759728246125115,0.66022045
-0.23479486702608202,-0.07544184
0.8998145487865011,0.35629834
-0.4683430071712936,-0.84485116
0.8194812224462718,0.69426169
0.9619175413565344,0.58812834
0.1478210247125766,0.04722596
-0.9041350721885489,-0.64051643
-0.007090703695540361,-0.00225706
-0.9891836123129388,-0.45314041
-0.9325512724168029,-0.61757739
-0.29434046185153984,-0.90490004
0.46993876634871096,0.15572401
0.4387839895452156,0.85540933
0.9373768135177452,0.38675329
0.9711205622444997,0.57668497
0.8892559315687792,0.6512228
0.12601151781037462,0.95978237
0.9030373109279527,0.64133208
-0.5716071182605609,-0.19367984
-0.9091911900698636,-0.36329899
0.7084105620428055,0.25058745
-0.4422736065572574,-0.85417202
-0.6341191898856963,-0.21863715
-0.6147444125785279,-0.21074084
-0.9057914744160237,-0.36072274
0.8542315232106021,0.32597189
-0.8034114157237804,-0.70301603
-0.20232942462222286,-0.06485117
-0.651498162912653,-0.77414082
0.4218848459228267,0.86136865
-0.46346707173882556,-0.84660523
-0.932617303198047,-0.61751916
0.780499897956076,0.28503538
-0.9794183049844015,-0.43530758
0.6215430729122594,0.78650608
-0.6272980024287766,-0.78416081
0.9628304456236074,0.58705892
0.9670778890822888,0.58190449
0.011112589797711046,0.99646268
0.8471840075584033,0.67829614
-0.03300140134160836,-0.98949342
0.7444832849452252,0.73269591
-0.9236163012775122,-0.62521877
0.6779927208384008,0.76285008
-0.060338548917153956,-0.98078197
0.1646876171480345,0.0526616
0.983749680735168,0.44253731
0.45950360377436333,0.84802733
-0.26966353817964883,-0.91308752
0.993251775240758,0.53700023
-0.5773227812152437,-0.80409744
0.8407341629212001,0.31787626
-0.8491670978807432,-0.67710448
-0.9999182963703934,-0.49593099
-0.8171662947452125,-0.69554374
0.9863990863936506,0.44744154
0.5538614028781085,0.18684626
0.9777808476723386,0.43277415
0.5850906007973105,0.80105894
-0.9968547050576565,-0.52525281
-0.07727671417253845,-0.97537751
-0.07674745576325223,-0.97554648
0.8395475688110413,0.68282014
0.3380545830015629,0.89023115
-0.9967913369274212,-0.52550606
-0.8774025487650264,-0.65927442
-0.12063205394244424,-0.96150788
0.4520111182182636,0.85070673
-0.8902012057560534,-0.65056366
0.7991295824151329,0.29470591
0.971591240941823,0.57605448
0.9045961658909759,0.64017251
0.981055678335231,0.43794273
0.6774590741398283,0.76308109
0.2647174481180986,0.08527869
-0.019233654784991217,-0.99387736
-0.7978776044700215,-0.70595609
0.05468461258854737,0.98258466
-0.42930529977743526,-0.14124156
-0.4511792996886624,-0.85100349
0.725808541851953,0.25853417
0.7606269473901632,0.27510833
-0.3601481516420521,-0.88272614
-0.2300678093752118,-0.9261052
0.5054651149900259,0.83132093
-0.5431036832224608,-0.18275095
0.756450696730558,0.27306828
0.9771275548147264,0.56821073
0.9670651522462145,0.41807958
-0.23483932966072574,-0.9245436
-0.6534039407865985,-0.77334034
0.5726783353675066,0.80590441
0.8488417930866208,0.32269955
-0.9987950260865056,-0.51562779
-0.960007406812238,-0.59032605
-0.8240598225495394,-0.30829604
0.5419119198854426,0.81770063
-0.3853196474794438,-0.12590881
-0.2025056499513302,-0.06490845
0.5829403548314326,0.19809788
0.9796174161006929,0.43562234
-0.4870432570649797,-0.1619246
0.20761407707581006,0.93343018
0.7924208489157284,0.29117957
-0.7415924297858881,-0.73407087
-0.9974589059732298,-0.52269695
-0.7275762006124004,-0.74064677
-0.9924724992760172,-0.46091921
-0.9722239180796861,-0.57519882
-0.6652898925241942,-0.23169205
0.12233316218089609,0.03903764
0.9810366363363049,0.56208855
0.10432089783655182,0.9667331
-0.9741995918347626,-0.57246305
-0.30196626664248966,-0.902357
-0.5251666362388697,-0.17599701
-0.9943473007340492,-0.46613915
0.7018970446161555,0.24766335
0.8920538212244471,0.35073597
0.680954643911423,0.76156507
0.6132947717879421,0.21015622
0.794970711909313,0.70748617
-0.7352512137333618,-0.73706418
-0.5177414827922824,-0.82677291
-0.9980396220762905,-0.51993453
0.9303960288444553,0.38053685
0.8097367382205968,0.6996099
0.9906598379125742,0.45646075
0.9781101558455332,0.43327603
0.9396763961542766,0.61112621
0.7348165891453876,0.73726822
0.9998991442360858,0.49547916
-0.5843370099107492,-0.80135463
0.9063451566156973,0.36113926
0.9797273887281198,0.43579684
0.5711131669205036,0.19348826
0.8574233501588268,0.67206391
-0.8349150533068155,-0.3144833
-0.02116559103379008,-0.00673772
-0.3857342827808328,-0.12605185
0.9668585470609251,0.4178216
-0.5409823333631512,-0.81805258
0.3152878018829612,0.10210105
-0.7596944241656488,-0.72534852
0.7405998748458882,0.73454144
-0.7234997549808277,-0.25746771
0.10186220098035277,0.03248008
0.7721190576624946,0.71919688
0.509256186628324,0.17007943
-0.26649002598956556,-0.08586394
-0.26987971296907765,-0.91301606
0.8827780493421556,0.34432953
-0.9969107860482317,-0.52502655
-0.9274567484361665,-0.37800987
0.37872363079612537,0.87636309
-0.851177880558157,-0.67588881
-0.22792673440423697,-0.92680533
0.4674953572610589,0.84515646
-0.8705404832355371,-0.3362306
0.3904649236714395,0.12768573
-0.431164163635227,-0.85810298
-0.5815117404287146,-0.80246144
-0.7959436095414077,-0.70697515
0.9883710720189964,0.4514089
0.2782403678660061,0.08975118
-0.8008284930321097,-0.70439283
-0.5253963236666865,-0.17608293
0.37392091999405525,0.12198686
-0.8839848196292043,-0.34514917
-0.06570544227672696,-0.02092977
-0.979678016247006,-0.43571844
-0.7800844214484361,-0.28482392
-0.8432174987992319,-0.68065858
0.8125757459919314,0.69806468
0.355541971319146,0.88429631
-0.13135722514167292,-0.04193349
-0.11668408434415603,-0.9627735
0.7686271491029678,0.27905982
-0.07433593723474768,-0.02368371
0.7963893912609553,0.70674064
0.15896971042813016,0.05081722
0.7558922249553637,0.72720338
-0.8467921669088497,-0.67853076
0.9794095280847163,0.43529374
0.48930034726632304,0.83725219
-0.9255629625984503,-0.37640777
-0.6297472939195925,-0.21684156
-0.9677591924058206,-0.58104792
0.9990317850959427,0.48599168
0.048666972248212016,0.0154973
-0.05311302544597093,-0.98308564
-0.9473307254250078,-0.60376924
-0.7871868935416179,-0.7115367
0.843523699468597,0.31952281
-0.8960571246093403,-0.35358077
0.005818165352855939,0.99814801
0.12768174702366467,0.04075361
-0.5205127017132033,-0.82574084
-0.7101371607562273,-0.25136709
-0.3766158226271921,-0.12291231
0.4177095684868894,0.13716704
-0.22857012431986903,-0.07340502
-0.29992557429886857,-0.09696185
-0.08658463908006526,-0.9724047
-0.8442072247617397,-0.31992831
-0.5662767851297787,-0.19161667
0.801891787613491,0.29617298
-0.9544716172044472,-0.59642017
-0.9110269470609919,-0.6352908
-0.26734136110284007,-0.91385487
0.3434110156670108,0.11158238
-0.2642303585177378,-0.91488208
0.571645938731879,0.8063051
-0.3748709405249899,-0.12231298
0.5241146703626915,0.17560368
-0.8956616304613169,-0.35329745
0.15955232624900542,0.94899493
-0.9920641544679347,-0.45987183
0.0024145001038238384,0.99923144
-0.8854722364067601,-0.65383505
-0.999947297643953,-0.496732
-0.14867162616044788,-0.04749974
0.6299913993682247,0.2169416
-0.9098062801763551,-0.63623003
-0.2164345088770363,-0.06944278
0.745383317862991,0.26773352
0.1522416211653227,0.04864919
-0.9107843506826159,-0.63547795
0.07209948770305337,0.02296991
-0.7078209245093642,-0.74967836
0.4849193015186136,0.16115103
-0.9791663405961347,-0.56508858
-0.5999599509812178,-0.79518317
-0.8320575468136229,-0.31283712
0.3807054936260747,0.12431883
0.8383764273760111,0.68350517
-0.9792927668071583,-0.4351099
-0.291421611337682,-0.09412825
-0.7052424531349437,-0.24916186
-0.6242136349778765,-0.21458052
0.5669772839345226,0.19188728
0.4951261173327783,0.83512185
-0.6667448557453902,-0.23231292
-0.6980871883179495,-0.75403478
-0.8940226427206909,-0.6478713
0.9745599979532414,0.42804703
0.9852075551389037,0.55481784
-0.999260915794341,-0.5122388
-0.05884245288652971,-0.98125904
0.674926518444846,0.76417531
0.8145998908896569,0.69695656
