0.6132165767491939,0.37603457
0.5255983542592195,-0.27625363
0.4764074411677467,-0.22696405
0.8703901309183142,0.75757898
0.6367815480995033,-0.40549074
0.922532969600545,0.85106708
0.7775400375543371,-0.60456851
0.9094438795219857,0.82708817
0.5052074326452453,-0.25523455
0.8109935018235349,-0.65771046
0.7988502425361089,-0.63816171
0.9493683110363438,0.90130019
0.37695814091222385,0.14209744
0.9736306537902347,-0.94795665
0.7592474892944987,0.57645675
0.7730380650394908,-0.59758785
0.5853070305403822,-0.34258432
0.859385995929652,-0.73854429
0.7517041771867442,-0.56505917
0.7771871653597993,-0.60401989
0.14070490396571114,0.01979787
0.2108535036464891,0.0444592
0.9614167098610259,-0.92432209
0.24882509921629692,-0.06191393
0.7461048652836946,-0.55667247
0.5463688680735753,0.29851894
0.7601299165274316,0.57779749
0.6418060922116586,-0.41191506
0.980280888317221,0.96095062
0.9170348248567226,0.84095287
0.682187826042066,-0.46538023
0.682577248375596,-0.4659117
0.5359381120987758,-0.28722966
0.9966481926938914,0.99330762
0.23573355722085898,-0.05557031
0.9998095568657063,0.99961915
0.3559381547403987,-0.12669197
0.7027811750466855,-0.49390138
0.611447340332755,-0.37386785
0.683484879130475,0.46715158
0.852956692921745,0.72753512
0.40588948003120257,-0.16474627
0.6186850895245497,-0.38277124
0.7330760465326909,0.53740049
0.5641653392401912,-0.31828253
0.5483842630856578,0.3007253
0.8604420085049311,0.74036045
0.6945359745902295,0.48238022
0.6461721751979111,0.41753848
0.9622555481783412,-0.92593574
0.9955110145046111,-0.99104218
0.7754971502204248,-0.60139583
0.5530467430516158,-0.3058607
0.7473596122349668,0.55854639
0.7119671130045263,0.50689717
0.6875394388687822,-0.47271048
0.5079369252180825,-0.25799992
0.9298710824625099,-0.86466023
0.8501663484283531,-0.72278282
0.8837735173674305,0.78105563
0.1833411846803658,0.03361399
0.6498307010291219,0.42227994
0.7590409606865759,0.57614318
0.49806172308259145,-0.24806548
0.6395426803583948,-0.40901484
0.8110834728928953,0.6578564
0.4097819420130663,0.16792124
0.4168023152526867,0.17372417
0.7777683974037515,-0.60492368
0.9294358880525326,0.86385107
0.7940527186528612,0.63051972
0.6141540197702853,0.37718516
0.6652460822883514,0.44255235
0.9364558932485822,0.87694964
0.8592563587195616,0.73832149
0.8806406929048873,0.77552803
0.8505556301618372,-0.72344488
0.6615574275903793,0.43765823
0.9213632508408397,-0.84891024
0.8996872734456124,0.80943719
0.15831778169239233,0.02506452
0.7172940680083727,-0.51451078
0.5152769934705023,-0.26551038
0.31194440209755325,0.09730931
0.8753016965595348,0.76615306
0.5017139125039288,-0.25171685
0.936607399073913,0.87723342
0.7198596877169884,0.51819797
0.9804435883823199,-0.96126963
0.7244686328613544,0.5248548
0.3948297227919904,0.15589051
0.4117313930221984,0.16952274
0.7640103533329898,-0.58371182
0.9245279822698717,-0.85475199
0.5179942663775343,-0.26831806
0.7435117618437519,0.55280974
0.4465204250647444,-0.19938049
0.7556562048974388,0.5710163
0.6989909298410102,-0.48858832
0.8398948922335461,-0.70542343
0.9523408685969535,-0.90695313
0.6415079890383284,-0.4115325
0.9490228079450989,-0.90064429
0.8428051554184989,0.71032053
0.7430968779371906,-0.55219297
0.6944835779195934,-0.48230744
0.6233259420239141,0.38853523
0.8312474541314397,0.69097233
0.5779124760722856,-0.33398283
0.7988646068014279,-0.63818466
0.6919589944498157,-0.47880725
0.9942691637579836,-0.98857117
0.7353650454026218,0.54076175
0.5984549356467871,0.35814831
0.9436004186094875,0.89038175
0.42259519637591714,-0.1785867
0.6735596113188498,-0.45368255
0.8962352927663584,-0.8032377
0.7671027766864098,0.58844667
0.9197538801222858,0.8459472
0.44559995511669437,-0.19855932
0.24632979925295276,0.06067837
0.8679790953703896,0.75338771
0.9043627480165246,-0.81787198
0.7955902525798063,0.63296385
0.6609460038460025,0.43684962
0.9836672049021458,-0.96760117
0.7438356538913686,-0.55329148
0.5172652124394217,0.2675633
0.5700923258560845,0.32500526
0.6945979628533329,-0.48246633
0.4331304076141503,0.18760195
0.8748773914097906,-0.76541045
0.7166550704488178,-0.51359449
0.8867600239072575,-0.78634334
0.8992031361155276,0.80856628
0.48138789972328966,0.23173431
0.9012439847233379,-0.81224072
0.7687564894035042,0.59098654
0.36023027357511195,0.12976585
0.9126957707801653,-0.83301357
0.8120111390861581,0.65936209
0.4382763739924843,-0.19208618
0.4322947721173597,-0.18687877
0.9406612620917266,0.88484361
0.7509300100541993,-0.56389588
0.9847686682668169,0.96976933
0.9684816776790359,-0.93795676
0.8705918044640668,-0.75793009
0.5846930904329211,0.34186601
0.650289666225752,-0.42287665
0.47798376541468435,-0.22846848
0.8558463004535336,-0.73247289
0.9645700181946358,-0.93039532
0.8618113018520934,0.74271872
0.9586644512028178,0.91903753
0.6734663614465091,0.45355694
0.9350803334473461,-0.87437523
0.6702921750997843,0.4492916
0.5478019258819743,0.30008695
0.4756001682085489,-0.22619552
0.8191619436961168,0.67102629
0.40530672335898893,0.16427354
0.9803794775493824,0.96114392
0.3737194000851441,-0.13966619
0.5686425766683322,-0.32335438
0.9275440259092826,0.86033792
0.9373618724910887,0.87864728
0.7748195144677242,-0.60034528
0.8601040111521396,-0.73977891
0.8608585307703003,-0.74107741
0.10080843218699516,-0.01016234
0.8325790653145201,-0.6931879
0.9521488013960843,-0.90658734
0.38948965326437107,0.15170219
0.25103338423404964,-0.06301776
0.13428049001995784,-0.01803125
0.5140557460042636,-0.26425331
0.29757770413792767,-0.08855249
0.703187677650853,-0.49447291
0.34858168339716306,-0.12150919
0.9382354448644541,-0.88028575
0.9902101191161399,-0.98051608
0.7670422739327996,-0.58835385
0.19606246453617787,0.03844049
0.9220571023532111,0.8501893
0.6916101792194791,0.47832464
0.8193889857692743,-0.67139831
0.9491915612772798,-0.90096462
0.7793054215132857,-0.60731694
0.3929198900539396,0.15438604
0.7235858967669284,0.52357655
0.7446872497901383,0.5545591
0.8908079141992397,-0.79353874
0.8416463093247661,0.70836851
0.5854669162301146,-0.34277151
0.9818876666910528,-0.96410339
0.6049771979174091,-0.36599741
0.8759410939098587,0.7672728
0.7859768317196124,0.61775958
0.6059914933396343,-0.36722569
0.3037280527050473,-0.09225073
0.7469765391228831,0.55797395
0.7631552266741021,-0.5824059
0.9481602238018635,0.89900781
0.8825843869001989,-0.7789552
0.7915916308299374,-0.62661731
0.8796430071341441,0.77377182
0.9169418411218893,-0.84078234
0.6732418436193639,-0.45325458
0.5658564747354227,0.32019355
0.8761265091298174,-0.76759766
0.647991033888587,0.41989238
0.4748345501329911,-0.22546785
0.4689780378653141,-0.2199404
0.3414544479136273,-0.11659114
0.843932177369722,0.71222152
0.7639432046952181,0.58360922
0.4266218583242073,-0.18200621
0.17210095874224524,-0.02961874
0.18863175766556384,0.03558194
0.7720686497974127,0.59609
0.32470084693452833,0.10543064
0.9850920261579625,0.9704063
0.5829746049357553,0.33985939
0.7847169489694995,0.61578069
0.8026413333488377,0.64423311
0.9430077465217346,0.88926361
0.9407467140521938,0.88500438
0.6600097196254007,-0.43561283
0.5638649661044743,0.3179437
0.5780990313086505,-0.33419849
0.7291348503534857,-0.53163763
0.6730510604701548,-0.45299773
0.8120169641085093,-0.65937155
0.9743212047369184,0.94930181
0.569202942719027,0.32399199
0.4666630690337516,0.21777442
0.787387858682111,-0.61997964
0.32570879631965727,0.10608622
0.19589737109006847,0.03837578
0.4997858141244107,-0.24978586
0.86125299418928,-0.74175672
0.2785780142078696,0.07760571
0.7030097581115073,0.49422272
0.8162070448115478,-0.66619394
0.3235148682827422,0.10466187
0.32037520191175844,0.10264027
0.732603535345005,-0.53670794
0.3497040320042078,-0.12229291
0.19931974312646503,-0.03972836
0.5834175005945571,0.34037598
0.7764600054091646,0.60289014
0.7564038802121522,0.57214683
0.4561524964307441,-0.2080751
0.3612158080704664,0.13047686
0.797978489685029,-0.63676967
0.8785749142787996,-0.77189388
0.9517104339030859,-0.90575275
0.6098190633294436,-0.37187929
0.060461309942805574,0.00365557
0.2625484145829108,0.06893167
0.776844180000082,-0.60348688
0.44642977051267535,0.19929954
0.937724346489948,0.87932695
0.3513349399077752,0.12343624
0.7282312132832539,0.5303207
0.5543492671592523,-0.30730311
0.7712098611921401,0.59476465
0.7341553854600537,0.53898413
0.28832445265707174,0.08313099
0.32228824055494176,0.10386971
0.49008332964915263,0.24018167
0.8849998248587397,0.78322469
0.3297831257053641,0.10875691
0.7700063246493498,0.59290974
0.4505282011150911,-0.20297566
0.4164780546439392,0.17345397
0.8233150612007533,0.67784769
0.5773342186290364,-0.3333148
0.6664269052191696,-0.44412482
0.7409734610632152,0.54904167
0.7743980759273618,0.59969238
0.7603098447343688,-0.57807106
0.7457919079743357,0.55620557
0.6285495207221147,0.3950745
0.6927057456092016,0.47984125
0.4250881438007887,0.18069993
0.6232166637695112,0.38839901
0.8713754873761369,-0.75929524
0.9696554181769934,-0.94023163
0.7862410826203373,0.61817504
0.9678719078473143,-0.93677603
0.3222086125478337,-0.10381839
0.8338874324511673,0.69536825
0.9953646618199784,0.99075081
0.9563552896282845,0.91461544
0.9205909623714541,0.84748772
0.980382379482618,-0.96114961
0.36567188844645965,0.13371593
0.8840324767789925,0.78151342
0.5035056206240404,0.25351791
0.46611266878298857,0.21726102
0.8911165748654887,0.79408875
0.7284409859418949,0.53062627
0.9157462039233359,0.83859111
0.5527290294529499,0.30550938
0.6322994860032705,-0.39980264
0.8630592853332847,-0.74487133
0.9196064212476988,-0.84567597
0.6542026444458934,0.4279811
0.4975157886941881,-0.24752196
0.980163277214567,0.96072005
0.505671108528063,0.25570327
0.610732167156766,-0.37299378
0.7174322685801079,0.51470906
0.6992632837494044,0.48896914
0.9429134053559743,-0.88908569
0.9852757025320374,-0.97076821
0.9177997766397636,-0.84235643
0.7723113361850906,-0.5964648
0.8914047958138884,-0.79460251
0.4648847384029723,0.21611782
0.7554275213413925,0.57067074
0.9959465196485201,0.99190947
0.05210700528719723,0.00271514
0.23544759501850937,0.05543557
0.7203963075974225,0.51897084
0.6320413752279197,-0.3994763
0.9686174735157321,-0.93821981
0.46457521457779044,0.21583013
0.7502814671841495,0.56292228
0.4335546678332503,-0.18796965
0.7579881727309471,0.57454607
0.18160363432486698,-0.03297988
0.4887657618941818,0.23889197
0.9369892688819867,0.87794889
0.6983372466079695,0.48767491
0.4401317302808331,0.19371594
0.9615203533987203,-0.92452139
0.47886488699841,0.22931158
0.8706688463474502,-0.75806424
0.6972597794222753,0.4861712
0.8489991755001886,0.7207996
0.9188684345432702,0.8443192
0.24926778773038444,-0.06213443
0.8488805098481176,-0.72059812
0.4111940417856271,0.16908054
0.16933738512212831,0.02867515
0.8672296754608896,0.75208731
0.9702263138051864,0.9413391
0.7587204359973442,0.5756567
0.9346669727769351,-0.87360235
0.5689683910376745,0.32372503
0.41791261048214373,-0.17465095
0.4024688683612684,-0.16198119
0.720471477575622,-0.51907915
0.350242830047954,-0.12267004
0.8614658728005422,0.74212345
0.035869067453726755,0.00128659
0.7872919407691151,0.6198286
0.525773544408617,-0.27643782
0.9068045985767826,-0.82229458
0.9272686126468425,-0.85982708
0.7285875239118496,-0.53083978
0.8873838233819681,0.78745005
0.9669589598323188,0.93500963
0.7441008197818357,0.55368603
0.1572338067973933,-0.02472247
0.9906095345795941,-0.98130725
0.8770737426237317,0.76925835
0.9996274405997466,0.99925502
0.7529140322772581,-0.56687954
0.7772425425824296,0.60410597
0.838076667137321,-0.7023725
0.7962597566121247,0.6340296
0.8842484096677811,-0.78189525
0.7053944074062397,0.49758127
0.6448249219749497,0.41579918
0.37376091288415914,0.13969722
0.9532156891281217,0.90862015
0.41595915664882294,-0.17302202
0.5329874857817958,0.28407566
0.7211874444275912,0.52011133
0.940423723648016,-0.88439678
0.5705833593788028,0.32556537
0.8447213386673738,0.71355414
0.6039444262512901,-0.36474887
0.7101925865566325,-0.50437351
0.7772557944460755,0.60412657
0.5913064518504766,0.34964332
0.6797966534192412,-0.46212349
0.38118499445807147,-0.145302
0.17767456205095877,0.03156825
0.8381984132650216,-0.70257658
0.8988149308951203,0.80786828
0.5619743321540585,0.31581515
0.7971388273067622,-0.63543031
0.5282319850217326,-0.27902903
0.7752881077380201,0.60107165
0.7044108815173145,0.49619469
0.9973612685481625,-0.9947295
0.54960925210553,0.30207033
0.896565836957889,0.8038303
0.8150340545032458,0.66428051
0.5481617553241014,0.30048131
0.7631034268039949,-0.58232684
0.8893391310405722,0.79092409
0.4292385933254371,-0.18424577
0.5788207753700622,-0.33503349
0.9395688958240369,0.88278971
0.9146774841440014,-0.8366349
0.0557948026253342,-0.00311306
0.3502674549540679,0.12268729
0.8575568844105912,0.73540381
0.8221872961801344,-0.67599195
0.8585549836789721,-0.73711666
0.4082510134708792,0.16666889
0.3615270390994289,-0.1307018
0.6416364235297121,-0.4116973
0.638346661305595,-0.40748646
0.6373816988273197,-0.40625543
0.7707442052977109,0.59404663
0.936346965606233,0.87674564
0.43007938802039797,-0.18496828
0.9557803094853964,0.913516
0.576575779928363,-0.33243963
0.4780680286319093,-0.22854904
0.9176347911887387,0.84205361
0.6322860428635129,0.39978564
0.428408636700989,0.18353396
0.8736275407746713,0.76322508
0.1922279636265234,-0.03695159
0.4359816395216661,-0.19007999
0.996646461891076,-0.99330417
0.9951172795203589,-0.9902584
0.6923290113811496,-0.47931946
0.49312474081108526,0.24317201
0.5302891475412258,0.28120658
0.9983658497765235,-0.99673437
0.2301358511835998,0.05296251
0.8205043875568246,-0.67322745
0.7246211768917604,-0.52507585
0.8463333917552822,0.71628021
0.5581328426100726,0.31151227
0.9474890922854996,0.89773558
0.4999066512860176,0.24990666
0.9200119564440453,0.846422
0.640874371464486,-0.41071996
0.433630176532953,-0.18803513
0.5434075358329142,-0.29529175
0.8861527633540393,0.78526672
0.29103606305748436,0.08470199
0.7047976660006757,0.49673975
0.18767402590662355,0.03522154
0.40645836195113516,-0.1652084
0.9674413832372482,-0.93594283
0.4615182336592998,-0.21299908
0.8350406217663905,0.69729284
0.2039606579710901,0.04159995
0.4928821563010777,0.24293282
0.846420344746037,-0.7164274
0.5554208494466155,-0.30849232
0.3337921958344742,-0.11141723
0.5497484606617831,0.30222337
0.5943060743421692,-0.35319971
0.9070730345457305,-0.82278149
0.3003587022211942,-0.09021535
0.8128181407916533,0.66067333
0.9089419398399438,-0.82617545
0.9348648244532468,-0.87397224
0.860155695208722,-0.73986782
0.6159344526814521,-0.37937525
0.24485816302504598,-0.05995552
0.7299399153355022,0.53281228
0.4965531794279441,0.24656506
0.9810985730292344,0.96255441
0.7457435081849523,-0.55613338
0.8577832185348464,0.73579205
0.9705303550121449,0.94192917
0.47475362031268387,0.225391
0.9555225899998387,-0.91302342
0.9124577524466544,0.83257915
0.8339808930665019,0.69552413
0.9722644599078998,-0.94529818
0.8786070737252233,-0.77195039
0.9383204516581741,-0.88044527
0.75331296285143,0.56748042
0.5863130221988934,0.34376296
0.9003502929415862,-0.81063065
0.6908891879310314,0.47732787
0.7603058266250496,0.57806495
0.850728863974886,0.7237396
0.545766497689259,0.29786107
0.9314705363026787,-0.86763736
0.6907329802463468,0.47711205
0.43712916855318634,-0.19108191
0.2322121443852582,0.05392248
0.898013546668423,-0.80642833
0.7468520804014674,0.55778803
