0.37704463926702364,0.14216266
0.5669605982782225,0.32144432
0.9603499518404737,-0.92227203
0.5699056325392828,0.32479243
0.6591075026124342,-0.4344227
0.43209669056821065,-0.18670755
0.9702951355129016,0.94147265
0.9173971331980496,0.8416175
0.44006661995656976,0.19365863
0.8756475718004362,-0.76675867
0.9513353457114899,-0.90503894
0.966099114998042,0.9333475
0.8720624690926677,-0.76049295
0.6549613500047159,0.42897437
0.8968483260841824,-0.80433692
0.2968304903476056,0.08810834
0.8304731783748347,-0.6896857
0.9651457972762457,-0.93150641
0.4398013642543643,-0.19342524
0.47630188956165187,0.22686349
0.8183858503175626,-0.6697554
0.6153939713711859,0.37870974
0.8259679594269986,0.68222307
0.7241699317149256,0.52442209
0.522716864086094,-0.27323292
0.961979760701856,-0.92540506
0.48790405819177196,0.23805037
0.48580856311925996,-0.23600996
0.36005727322191394,0.12964124
0.17614698407863816,-0.03102776
0.7312730133130855,-0.53476022
0.4290609979944576,-0.18409334
0.6024045318554634,0.36289122
0.27052911118768713,-0.073186
0.36600602454058045,0.13396041
0.17562642170243065,0.03084464
0.6334937963390013,0.40131439
0.7197099346264438,-0.51798239
0.9063377957472589,0.8214482
0.466893927996499,-0.21798994
0.8122095480847292,0.65968435
0.37159313771919955,0.13808146
0.9753811665190179,0.95136842
0.6713411353402977,0.45069892
0.4055034031916378,-0.16443301
0.4292794777298351,0.18428087
0.3365113222463696,-0.11323987
0.6896197067949842,-0.47557534
0.7531091156001234,0.56717334
0.7192129934866305,0.51726733
0.8667242121920906,-0.75121086
0.3522230259366926,-0.12406106
0.9803955987253309,-0.96117553
0.9923568360222043,-0.98477209
0.6313941003842212,-0.39865851
0.848133279620603,-0.71933006
0.9626086172479447,0.92661535
0.6098977209336005,-0.37197523
0.9103325161719755,0.82870529
0.7680531036328152,0.58990557
0.6559465984361836,-0.43026594
0.20644604622031393,-0.04261997
0.6434957731018908,0.41408681
0.4718980186438591,-0.22268774
0.7165245773872659,0.51340747
0.756376764582308,0.57210581
0.6641560132980805,-0.44110321
0.515123955956234,-0.26535269
0.6660696585192873,0.44364879
0.8676450195788598,-0.75280788
0.6220316953339275,-0.38692343
0.9407191026018341,0.88495243
0.9783310687083386,-0.95713168
0.6127630373970023,-0.37547854
0.4119739069407188,-0.1697225
0.6058605780210493,0.36706704
0.9167237315571142,-0.8403824
0.8142134118276363,-0.66294348
0.1965628398248255,-0.03863695
0.37729757486631155,0.14235346
0.8650090057334664,0.74824058
0.9469929038804884,0.89679556
0.19780796242820967,-0.03912799
0.3423598837480817,-0.11721029
0.8193405458049784,0.67131893
0.4254946650664377,-0.18104571
0.5450235407759926,-0.29705066
0.727585905580915,0.52938125
0.38560168568096276,-0.14868866
0.9451324563255671,0.89327536
0.9119553826805344,-0.83166262
0.5673355797056976,0.32186966
0.8985089537672956,0.80731834
0.28280320012333665,-0.07997765
0.5462952864522995,0.29843854
0.46298303424639653,-0.21435329
0.7827525471054055,0.61270155
0.8310894897662946,0.69070974
0.8882873071253466,-0.78905434
0.3550780477585174,0.12608042
0.5036347486025959,-0.25364796
0.9826306020066747,-0.9655629
0.6688405564856246,-0.44734769
0.48973002766830626,0.2398355
0.3224966821534758,0.10400411
0.8661794964093759,-0.75026692
0.7814060148220002,0.61059536
0.7296324759767756,-0.53236355
0.8568110059984057,-0.7341251
0.702387777513248,0.49334859
0.5975503409755533,0.35706641
0.5990399736244653,0.35884889
0.8647923450169989,0.7478658
0.25415947749395457,0.06459704
0.7818448631282295,0.61128139
0.9674694207053782,-0.93599708
0.839869602974176,-0.70538095
0.9238011420213769,-0.85340855
0.72016839697393,-0.51864252
0.24723270414732756,-0.06112401
0.12022957206943723,-0.01445515
0.5382746139286154,0.28973956
0.5087473439734108,0.25882386
0.8920352067043094,0.79572681
0.6382376203264737,0.40734726
0.8802627789472869,0.77486256
0.8024316668726379,-0.64389658
0.1569974203609728,0.02464819
0.32889958954063775,-0.10817494
0.7118988621988379,-0.50679999
0.36211386330821416,0.13112645
0.4638188008263572,-0.21512788
0.7321592176569247,0.53605712
0.9495137492422108,-0.90157636
0.9721966930616458,-0.94516641
0.8406376210948449,0.70667161
0.6482369936990637,0.4202112
0.37061270890243364,-0.13735378
0.9333234648287806,-0.87109269
0.7239473944976942,-0.52409983
0.9173221735028538,-0.84147997
0.6796126617419661,0.46187337
0.8679459314957355,-0.75333014
0.6864249048512153,-0.47117915
0.4339366313184449,0.188301
0.9444282238476358,0.89194467
0.9757228807402233,-0.95203514
0.9223261841669681,0.85068559
0.5656199607510329,-0.31992594
0.6324711060593994,0.4000197
0.7249128913186742,-0.5254987
0.6767358495011181,-0.45797141
0.7081224117340165,0.50143735
0.9315380292827556,-0.8677631
0.5613738148506751,-0.31514056
0.4128146436356152,0.17041593
0.5369518414159691,-0.28831728
0.34405511186436394,-0.11837392
0.8282222527800132,-0.6859521
0.9453668758741233,-0.89371853
0.8382864844431168,-0.70272423
0.5217443722743926,-0.27221719
0.41115782857681304,-0.16905076
0.21557107876521842,-0.04647089
0.4806571127113381,0.23103126
0.1679902973388642,0.02822074
0.22058839498033436,-0.04865924
0.903050906649232,0.81550094
0.9606525230279677,0.92285327
0.2360712180677687,0.05572962
0.39674861058357846,0.15740946
0.8350555011494745,0.69731769
0.604088404126416,0.3649228
0.9769862179171208,-0.95450207
0.8368011651521525,-0.70023619
0.840645043998952,-0.70668409
0.8732770923366764,-0.76261288
0.531099312746684,-0.28206648
0.39239329759821334,-0.1539725
0.7163829632256759,-0.51320455
0.5952221854064245,-0.35428945
0.8824499702532717,-0.77871795
0.7872873490664003,0.61982137
0.5645408045482629,0.31870632
0.7150008601393427,0.51122623
0.7709791955688559,-0.59440892
0.24315112584563536,-0.05912247
0.7744881471010386,-0.59983189
0.9721965593438398,-0.94516615
0.30996865970610643,0.09608057
0.36323577742287444,-0.13194023
0.2518608742937259,0.0634339
0.5515659616038684,0.30422501
0.8756707543363544,-0.76679927
0.532782113063117,0.28385678
0.8759377774705233,-0.76726699
0.4877515351077842,-0.23790156
0.5860128155595234,0.34341102
0.22530639138737277,-0.05076297
0.07128990110808121,-0.00508225
0.6768421455553725,0.45811529
0.6089368029607013,-0.37080403
0.8508383101388889,-0.72392583
0.3061865117865253,-0.09375018
0.8459251621745272,-0.71558938
0.9174444233848719,0.84170427
0.9096079045390931,-0.82738654
0.7559333899226837,-0.57143529
0.8648214497802422,-0.74791614
0.9008373493589172,-0.81150793
0.2998683877970467,0.08992105
0.8549148144698394,0.73087934
0.548611957580219,-0.30097508
0.8247272579465287,0.68017505
0.6803156987752084,-0.46282945
0.36830343468395726,-0.13564742
0.555579148276823,-0.30866819
0.978204216919964,-0.95688349
0.7877082073966223,0.62048422
0.813647165545361,0.66202171
0.35868886238633063,0.1286577
0.7393131812702922,0.54658398
0.7177445645910527,0.51515726
0.7672008602706334,-0.58859716
0.511536919488711,0.26167002
0.9745113493438647,-0.94967237
0.4716593156082047,0.22246251
0.355689372908441,0.12651493
0.5530280553462003,-0.30584003
0.7735339876178681,0.59835483
0.8997303929511329,0.80951478
0.17135571189779464,-0.02936278
0.6924931624211174,0.47954678
0.6678501628359463,0.44602384
0.39320592569288676,0.1546109
0.8611868960916672,-0.74164287
0.5603263602580196,-0.31396563
0.46915978088493476,0.2201109
0.8028699458816477,-0.64460015
0.730233736552893,0.53324131
0.3640542541984642,0.1325355
0.3726526667018498,-0.13887001
0.734444871995169,-0.53940927
0.9963984343624793,-0.99280984
0.8971819770815729,-0.8049355
0.6481856292760585,-0.42014461
0.4038110820668497,0.16306339
0.47296568585892146,0.22369654
0.8274387530204275,0.68465489
0.9284815076241422,0.86207791
0.8907064836409354,-0.79335804
0.9810413701776292,0.96244217
0.840649701124077,0.70669192
0.8364804540454008,-0.69969955
0.9149936994318595,0.83721347
0.30730073218266174,0.09443374
0.7879440589280434,0.62085584
0.7908824375341761,0.62549503
0.5490526932818015,-0.30145886
0.49314725995386,-0.24319422
0.6343154656793416,0.40235611
0.5564416860732129,-0.30962735
0.5431866990271392,0.29505179
0.6868948609503496,0.47182455
0.23223302951991992,0.05393218
0.9539439239284456,0.91000901
0.07465748455446379,0.00557374
0.993589276310891,0.98721965
0.6145649436796733,-0.37769007
0.3782190370671471,0.14304964
0.5534738114852409,0.30633326
0.6950573501517698,-0.48310472
0.9454216836946359,-0.89382216
0.8408366904458915,-0.70700634
0.7195710319349995,-0.51778247
0.5276681722446409,0.2784337
0.32439976880386334,0.10523521
0.7308112889111662,-0.53408514
0.6297580249587932,0.39659517
0.15883708634950466,0.02522922
0.6251135416866284,-0.39076694
0.213077966951067,0.04540222
0.3540556170999127,0.12535538
0.9875516037149654,-0.97525817
0.7617573957632443,0.58027433
0.49909632336854576,-0.24909714
0.4809140671679297,0.23127834
0.9823435447947932,-0.96499884
0.8720412490243796,0.76045594
0.5617905125578395,0.31560858
0.426372008931168,0.18179309
0.9540857613443353,-0.91027964
0.9166006764125805,0.8401568
0.2892818176104402,0.08368397
0.3054307122736677,0.09328792
0.7845954881338536,0.61559008
0.23035294658414943,0.05306248
0.6887621723062323,0.47439333
0.7303744861370774,-0.53344689
0.8854506028006305,-0.78402277
0.3524485636231193,0.12421999
0.8004431772462053,0.64070928
0.9827265031533443,0.96575138
0.8448258459587987,-0.71373071
0.6923131300213798,0.47929747
0.5415922543759281,-0.29332217
0.8644077625750477,0.74720078
0.9987462740856659,0.99749412
0.4562104448607024,0.20812797
0.6927018550574265,-0.47983586
0.2767961704937407,-0.07661612
0.8406282828932179,-0.70665591
0.5020688299426683,0.25207311
0.687204176355179,0.47224958
0.9577695129831603,0.91732244
0.29537521900118835,-0.08724652
0.6421979289907435,-0.41241818
0.5013403434793573,-0.25134214
0.580842956400437,0.33737854
0.5375280736854589,-0.28893643
0.38241273514358803,0.1462395
0.13876130584568597,-0.0192547
0.8349815267417597,-0.69719415
0.036577452070913855,-0.00133791
0.7679586837844858,0.58976054
0.4879518828737112,0.23809704
0.8816625147980377,0.77732879
0.5476652170806542,-0.29993719
0.09604420857084513,-0.00922449
0.9706749404409284,-0.94220984
0.8231928388901352,-0.67764645
0.9425815985897454,-0.88846007
0.995779900379597,0.99157761
0.7992637549645298,-0.63882255
0.789461341675449,0.62324921
0.6034179728844675,0.36411325
0.8599593420621698,-0.73953007
0.3924720244807265,-0.15403429
0.8943331593986661,-0.7998318
0.7925185739148326,0.62808569
0.6089445130715934,-0.37081342
0.9727118997935617,0.94616844
0.9008212197767101,-0.81147887
0.29364083503491134,-0.08622494
0.26980919183749097,-0.072797
0.8826236570588849,0.77902452
0.8875045633685497,-0.78766435
0.8228307967012416,-0.67705052
0.9912722027778242,-0.98262058
0.841765579006412,-0.70856929
0.9603092470657564,-0.92219385
0.318736929143769,0.10159323
0.28434672496795177,0.08085306
0.9393435473776355,0.8823663
0.6686146199418616,-0.44704551
0.708281462414484,-0.50166263
0.31643705535224537,0.10013241
0.8715727508360963,-0.75963906
0.33914837460910824,-0.11502162
0.5086203594037502,-0.25869467
0.5949074381784111,-0.35391486
0.8344184861327079,0.69625421
0.9792728782111756,-0.95897537
0.9299048876094802,0.8647231
0.40866234228272125,-0.16700491
0.4439503350601281,0.1970919
0.8743319506914979,0.76445636
0.84038907060956,-0.70625379
0.2100008571411079,0.04410036
0.5556389205230318,0.30873461
0.6214685671858232,0.38622318
0.9437454423731009,0.89065546
0.4894379225192915,0.23954948
0.658387537852897,-0.43347415
0.7177345191642938,0.51514284
0.6511795835251594,0.42403485
0.9927689862198557,0.98559026
0.8850829283180193,-0.78337179
0.46825373463540043,-0.21926156
0.8521273085636911,0.72612095
0.4714327523624128,0.22224884
0.1279475283075058,0.01637057
0.16279278239528924,0.02650149
0.7987372408996591,-0.63798118
0.7282485015432576,-0.53034588
0.6796260074482141,-0.46189151
0.9938440370601416,-0.98772597
0.9615862415821058,0.9246481
0.9672025434209734,-0.93548076
0.5901703567615032,0.34830105
0.2768221089436319,0.07663048
0.9533146857150581,0.90880889
0.9933750953189837,0.98679408
0.7273849805983074,0.52908891
0.798360250764027,0.63737909
0.8721294284680456,0.76060974
0.48825973620604846,0.23839757
0.5299538376122962,0.28085107
0.017763164132552512,0.00031553
0.34352170237118934,0.11800716
0.4817777703464534,-0.23210982
0.9716196426585868,0.94404473
0.8627902178397713,-0.74440696
0.7535057597656437,-0.56777093
0.6006029303957815,-0.36072388
0.5694854080659135,0.32431363
0.9782325541505966,0.95693893
0.6737867540995445,0.45398859
0.10978720326158235,-0.01205323
0.8433146684364028,-0.71117963
0.9860137422977431,0.9722231
0.9292203021888835,-0.86345037
0.0739219859040597,0.00546446
0.8952466084828247,0.80146649
0.8697391735457246,0.75644623
0.8701308981986561,-0.75712778
0.9707060574653894,0.94227025
0.720134806824389,0.51859414
0.47618674908065217,0.22675382
0.8637885099953576,-0.74613059
0.9035534239877574,-0.81640879
0.6288421821093111,0.39544249
0.341328961560545,-0.11650546
0.6697467730418714,-0.44856074
0.36342893390592884,-0.13208059
0.5372529385680455,0.28864072
0.8826088488112953,0.77899838
0.4297669019363869,-0.18469959
0.9467320159369281,0.89630151
0.7712069631428389,-0.59476018
0.9480286757266365,0.89875837
0.5995949382708297,0.35951409
0.6143844805982651,0.37746829
0.9797267476189471,0.9598645
0.9325913145638877,-0.86972656
0.8193990541854439,-0.67141481
0.2784963374983592,-0.07756021
0.8845109609269972,0.78235964
0.45654763168808576,0.20843574
0.6380524978401072,-0.40711099
0.5371393953155922,0.28851873
0.9996288061075471,0.99925775
0.822155867217403,-0.67594027
0.9574458888104329,-0.91670263
0.5659398466268302,-0.32028791
0.5928922077410025,0.35152117
0.691972954673808,-0.47882657
0.8492321826214548,0.7211953
0.25763080172991737,-0.06637363
0.6503564791712312,0.42296355
0.4587087093134378,0.21041368
0.7399440924826686,-0.54751726
0.8826798230389092,0.77912367
0.6719224136758648,-0.45147973
0.33937675229750197,-0.11517658
0.22494250376485098,-0.05059913
0.998401652642863,0.99680586
0.7299624990367656,-0.53284525
0.8385719825989896,0.70320297
0.6945401140322998,-0.48238597
0.363074000721616,-0.13182273
0.9778641061006381,0.95621821
0.7817748844776226,0.61117197
0.6665222501912446,0.44425191
0.740063598618389,-0.54769413
0.6440178568952882,-0.414759
0.5000156297557107,-0.25001563
0.7846643868559348,-0.6156982
0.5281224289878247,0.2789133
0.4558955582148175,0.20784076
0.8730747848838609,-0.76225958
0.9622557404349428,-0.92593611
0.9607214528675833,0.92298571
0.5538158358154812,-0.30671198
0.5965752928172604,-0.35590208
0.9784786814233615,0.95742053
0.9743665378080264,-0.94939015
0.5874432312998423,-0.34508955
0.8087556120361701,0.65408564
0.5468932071254863,0.29909218
0.9817993532285505,0.96392997
0.32621232349499,-0.10641448
0.7989727905254346,0.63835752
0.593099570055484,-0.3517671
0.7389211798290803,-0.54600451
0.5755103734946921,-0.33121219
0.3040501110014598,-0.09244647
0.06287368288878901,0.0039531
0.5482515845850334,0.3005798
0.8143456821276821,-0.66315889
0.23573765079002548,-0.05557224
0.5671055986322124,0.32160876
0.6405771850448625,-0.41033913
0.5764624185495529,0.33230892
0.7081332713550466,-0.50145273
0.6556382005344106,-0.42986145
0.7630729191892476,0.58228028
0.9710303908735297,-0.94290002
0.5883375051787877,-0.34614102
0.7181518641624486,0.5157421
