2.3902256184737305,0.08770196
4.402927010764392,-0.59283319
4.367398588314177,-0.58082031
0.8081031071050127,0.62264966
0.38155297008641975,0.76687491
4.30923218599019,-0.56115307
-0.020222728373259002,0.90272342
4.6106578835131975,-0.66307121
5.200452593364352,-0.86249276
1.4367590770988545,0.41008833
3.4559651665549196,-0.27264619
5.149245548901894,-0.84517862
0.7810769254406396,0.63178776
4.161819050613628,-0.5113097
2.5591459822510285,0.03058656
3.1329058359076187,-0.16341328
3.578662747744256,-0.31413273
2.439034936275401,0.07119854
1.2463845429634175,0.47445782
4.500017165786255,-0.62566134
4.327409682102285,-0.56729925
0.849824503326553,0.60854281
3.0400203089470366,-0.1320068
1.9749968374139897,0.22809923
4.400004115952879,-0.5918449
2.8831821250671728,-0.07897663
2.843981666100322,-0.06572216
4.1370124045806955,-0.50292207
0.38547524300128044,0.76554871
3.6204093125244645,-0.32824809
3.749619191724771,-0.37193657
1.0825526643282375,0.5298527
2.6266928927147988,0.00774758
2.28234992274259,0.12417692
2.8457064961138543,-0.06630536
5.122414948528322,-0.83610665
2.6230620545556538,0.00897524
5.201087574509595,-0.86270746
1.3636421664475218,0.43481064
5.571749936234252,-0.98803592
0.6650342246610259,0.67102415
3.263120978690915,-0.20744166
3.00361148972311,-0.11969624
4.3174830369420985,-0.56394285
-0.044384574269788146,0.91089303
2.098587414444008,0.18631075
0.09539816984028837,0.86362965
4.956706282118814,-0.78007719
5.471505785205306,-0.95414134
5.219816797368988,-0.86904019
5.30619487666363,-0.89824637
0.9309712193275801,0.58110546
5.408786210209107,-0.93293458
1.5159662761681691,0.38330677
2.1698384801726087,0.16221932
3.305350714731945,-0.22172039
2.5339964996351587,0.03909011
4.257072314906574,-0.54351676
5.005673413585646,-0.79663397
1.0109593830974664,0.55405984
3.6671858034031213,-0.34406417
5.061515731682551,-0.81551539
2.767285496568712,-0.03978963
2.898184390125035,-0.0840492
2.5167264912482907,0.04492945
3.8021755489394136,-0.38970694
2.989688278558316,-0.11498852
3.319858717801018,-0.22662584
2.0198643626195762,0.21292861
3.7526860589729414,-0.37297354
1.5994001664536015,0.35509608
4.583650215970712,-0.65393937
3.049571643872797,-0.1352363
2.061692436856528,0.19878569
2.739783981091282,-0.03049081
3.6948197865353976,-0.35340778
1.3445365686438173,0.44127063
-0.29301142690186843,0.99495881
2.0184373556210686,0.21341111
3.0542984529820703,-0.13683453
1.3488796385654092,0.43980215
4.810157927770986,-0.73052622
1.6373261972635058,0.34227252
2.6658450256829855,-0.00549055
1.328012626133516,0.44685771
3.0321033628451413,-0.12932992
0.28122695469743375,0.80079717
0.2944855502918551,0.79631417
1.2436512256619656,0.47538201
-0.26486531831495697,0.98544204
0.7794676164496184,0.6323319
4.109525647165281,-0.49362824
3.7311965165864045,-0.36570749
1.0506877607155787,0.54062687
2.356962366303633,0.09894894
2.042037300875844,0.20543149
2.876385135463091,-0.07667843
4.744852911846238,-0.70844527
4.666984674183006,-0.68211644
5.489954042956185,-0.96037907
-0.2258228504649149,0.97224099
4.510968416759007,-0.62936418
1.3358414674924357,0.44421062
-0.13226132145324687,0.94060594
0.4974572881562711,0.72768531
1.1222845614040247,0.51641854
4.177203546520168,-0.51651151
0.27484407808802747,0.80295535
4.017014986810006,-0.46234851
4.86802523534314,-0.75009233
1.896113339724958,0.25477134
0.850693306592629,0.60824905
4.4342542063099035,-0.60342555
4.100163860174307,-0.49046283
2.1587204542264975,0.16597855
1.2692041150231128,0.46674206
0.6241927224335289,0.68483349
1.713625377884422,0.31647422
0.19790642643946832,0.82896953
1.0786114040870958,0.53118532
2.8005084672148315,-0.05102299
3.2424620874662446,-0.20045647
2.049200314078134,0.20300953
1.7278682090416067,0.31165843
0.7363833620001352,0.64689956
3.535735064798402,-0.29961801
3.297332236712415,-0.21900918
5.0015935636078215,-0.79525449
5.324648872017779,-0.90448604
3.2897754287290866,-0.21645407
5.205726249300618,-0.86427589
1.791189581724968,0.29024819
0.48440920936631304,0.73209713
5.417372622226406,-0.93583782
4.037759202701841,-0.46936255
4.584006745905779,-0.65405992
2.8398885959747586,-0.06433821
5.4513516551919,-0.94732682
1.8305282755252081,0.27694698
2.7905523946564372,-0.04765664
4.4837212486429685,-0.62015136
0.8583020191828463,0.60567639
0.7120415209825091,0.65513003
-0.13656724482996596,0.94206186
2.2780356295631647,0.12563567
1.182643792886505,0.49600986
1.673278877027578,0.33011619
5.019260620055931,-0.80122808
4.696878770223446,-0.69222424
5.357550270703385,-0.91561067
1.8368741534661144,0.27480131
3.617105961380749,-0.32713116
2.72801038960882,-0.02650992
2.7115115565066374,-0.02093133
1.3384592341961017,0.4433255
1.5506588422081913,0.37157651
5.151605064307923,-0.84597642
1.428501749161813,0.4128803
3.223648515923748,-0.19409522
0.11255611751177108,0.8578282
2.3011996648458988,0.11780344
2.790396592109947,-0.04760396
1.6741610778930385,0.3298179
4.851815204797235,-0.74461139
4.056165493138091,-0.47558609
2.3183069204967506,0.11201913
5.477380026242477,-0.95612754
2.393693230692466,0.08652949
3.3969291032818942,-0.2526849
1.9264969361349797,0.24449803
5.174122702389427,-0.85359009
3.0665842290697167,-0.1409886
1.9250893896671464,0.24497395
4.533382423078381,-0.63694281
2.051328077632551,0.20229009
0.9665535575033555,0.56907435
5.162326308370263,-0.84960149
4.818840400280122,-0.73346194
0.3760737659918192,0.76872754
1.249072403067839,0.473549
3.6741922155265074,-0.34643318
4.584521148656558,-0.65423385
3.250914641790792,-0.20331445
2.834374315604506,-0.06247372
1.464150868307591,0.40082661
2.8268974791636428,-0.05994565
-0.2716563041382991,0.98773821
5.194784699017928,-0.86057633
1.3802391598860368,0.42919886
2.9568595463223546,-0.10388846
0.5809358075310453,0.69945953
5.556261128334267,-0.98279884
0.7978114439059538,0.62612948
5.279768570293573,-0.8893111
4.033067440292946,-0.46777617
0.07557501672471245,0.87033226
1.9494399258154993,0.23674054
0.5844771213340354,0.69826214
3.962509234521942,-0.44391901
4.418498836460124,-0.59809834
2.472400873798842,0.05991684
4.128529979228822,-0.50005399
5.321610160431009,-0.90345859
2.164304473094211,0.16409048
5.305548893516244,-0.89802795
5.254257145467388,-0.88068517
1.6575752934835895,0.33542589
0.3626008975330621,0.77328299
2.656700705686001,-0.00239867
4.0351694733584775,-0.46848691
5.1608807872498685,-0.84911273
5.192361567196276,-0.85975702
4.623337543107707,-0.66735846
4.474236960864682,-0.61694453
0.11908834925780898,0.85561952
4.271521049125387,-0.54840217
-0.10703272497787442,0.93207564
3.0547583485017964,-0.13699003
4.693374691691152,-0.69103944
1.8534141553505128,0.2692088
0.1840527467452131,0.83365374
4.589363212610871,-0.65587105
2.12214814288469,0.17834439
2.8566129996961664,-0.06999307
1.9110842845670395,0.24970936
3.9219216064514435,-0.43019551
2.7975590729572946,-0.05002574
0.4721363280983839,0.73624684
4.087590937745759,-0.48621167
2.065274534963165,0.19757451
2.8838210692992092,-0.07919267
1.9609652920184075,0.23284358
1.8489201923780114,0.2707283
1.8759698272351266,0.26158227
-0.2668960749687499,0.98612868
4.234264779983633,-0.53580507
0.2490807014976908,0.81166647
2.967239373414938,-0.10739809
2.6669713704401077,-0.00587139
5.477408418506075,-0.95613714
3.161278284070894,-0.17300658
4.617408439936188,-0.66535371
4.0376707134802965,-0.46933263
3.9331284173718455,-0.43398476
5.338958040515847,-0.90932426
2.80227233659081,-0.05161939
3.059350797138651,-0.13854283
3.2501216695287405,-0.20304633
4.712017584324045,-0.69734298
0.6735577300692916,0.66814218
1.4734244618297665,0.39769102
2.1609282188986545,0.16523206
0.1884460650583173,0.83216827
0.9947661808827981,0.55953509
0.02779169477351262,0.88648877
4.177317352176754,-0.51654999
1.0918692011491036,0.52670259
2.773679966685754,-0.04195173
3.6784499903562096,-0.34787282
3.3897991256613107,-0.25027411
0.5369630822578908,0.7143276
5.009455529274271,-0.79791278
3.410463399585955,-0.25726112
1.3188775927727499,0.44994645
-0.025850962276470213,0.90462644
2.010273012347308,0.21617164
2.018557726988611,0.21337041
1.3442747387379566,0.44135916
3.2000512324436845,-0.1861165
4.453674218857673,-0.60999185
3.9034656295538985,-0.42395517
2.092956607491909,0.18821464
4.338544299777436,-0.57106409
1.0989648714511737,0.5243034
-0.18255839386741313,0.9576124
-0.037499953127124286,0.9085652
5.511081850159329,-0.96752281
1.0461920823771513,0.54214695
2.0053471616401084,0.21783717
0.8636961056372039,0.60385254
5.079125530399074,-0.82146962
3.987108173401496,-0.45223641
-0.20858791835369894,0.96641351
1.3095502905519363,0.4531002
4.930696898394518,-0.77128289
4.573573446716756,-0.65053221
-0.2645562566955908,0.98533754
1.2843493173830223,0.46162116
4.464714639283285,-0.61372484
2.7971487160224906,-0.04988699
4.237068042809467,-0.53675291
-0.004801233798218618,0.8975091
5.37239611213399,-0.92063035
1.874238668112834,0.26216761
0.3679518928123562,0.77147371
4.648261662131273,-0.67578581
2.0252956843446306,0.21109217
0.022621611448827572,0.88823688
3.362295332887738,-0.24097452
0.7011987816921927,0.65879618
2.240139647232234,0.13844907
3.420790286937039,-0.26075285
2.4685062833409885,0.06123368
3.356267389148572,-0.23893635
3.5883066237041787,-0.31739352
0.7885837807852019,0.62924954
-0.3052815576692618,0.99910759
1.249341124012677,0.47345814
-0.15605968722518293,0.94865265
0.05179593403180327,0.87837245
1.1915035691667506,0.49301419
0.022541225852517943,0.88826406
3.3418877427711777,-0.2340743
3.4516309987909763,-0.27118072
3.480616394519932,-0.28098127
1.9343559442739715,0.24184074
1.6385960412528926,0.34184316
5.1142403426342815,-0.83334265
0.6245312114511026,0.68471904
0.8870999963967854,0.59593921
5.482119641445644,-0.9577301
0.30755725972620285,0.79189436
2.868639637227939,-0.07405952
0.3730430397291862,0.76975229
0.7042122951450198,0.65777725
4.604813720530275,-0.66109518
5.058196942245504,-0.81439324
1.1101865883099642,0.52050911
0.8703673115984953,0.60159687
0.6855467478517978,0.66408845
2.550136170602836,0.03363296
4.543970696706206,-0.64052292
0.8288692382753118,0.61562821
4.947685409317929,-0.77702705
0.37474917816918385,0.76917541
0.6335188120680844,0.68168015
3.616997952477981,-0.32709464
3.107111109526227,-0.15469156
0.5051360645719698,0.72508896
4.899921311295207,-0.76087704
3.171310719988255,-0.17639875
0.8572477493698765,0.60603286
2.6280522610603407,0.00728795
0.9370997781508688,0.57903327
2.6692272836592816,-0.00663416
1.8323222229554355,0.27634041
4.984431564123721,-0.78945167
2.0732478219631356,0.19487858
4.671507443472947,-0.68364568
2.012619603358346,0.21537821
5.5477641815225756,-0.97992585
4.937097046964279,-0.77344691
2.4722894341642228,0.05995452
1.6612334591964468,0.33418899
3.243352332806391,-0.20075748
-0.3025961227373557,0.99819959
-0.16509650109906682,0.95170818
5.31510910102438,-0.90126045
-0.21652704591152938,0.96909789
-0.02227681991869579,0.90341795
0.2997594428303181,0.79453096
4.492922678495168,-0.62326255
0.494026230976917,0.72884542
2.797484602415901,-0.05000056
0.02343567088165477,0.88796163
2.317471241538205,0.11230169
-0.1707510569966546,0.9536201
4.954893909292524,-0.77946439
5.215678477073316,-0.86764094
3.8347986738664916,-0.40073748
1.9356792307845252,0.24139331
2.9180718398875483,-0.09077355
0.6034965367876124,0.69183129
0.3071423186238391,0.79203466
2.348215183093715,0.10190654
1.866116292153703,0.26491395
4.95728007202095,-0.7802712
2.1216497107821857,0.17851292
2.1622383148367454,0.16478909
5.015820571993105,-0.80006493
0.25312937913610867,0.81029753
3.2214423778916927,-0.19334928
1.3129097755668058,0.45196429
2.210438027078763,0.14849179
4.8613050231518695,-0.74782009
1.1568859172972408,0.50471912
3.7801453409582706,-0.38225808
2.236578695446923,0.1396531
4.832367835120479,-0.73803584
2.8422298930116465,-0.06512985
3.1917464361909413,-0.18330848
-0.2661978027359053,0.98589258
3.0990292812685456,-0.15195893
3.5564100745477187,-0.30660865
3.0120765543888046,-0.12255845
1.649580268656802,0.33812917
4.926933267252506,-0.77001033
0.16777049337878314,0.8391591
2.287934710567442,0.12228859
5.421422275848885,-0.93720709
5.3281057779871155,-0.90565489
5.127559064761925,-0.83784598
2.73948417653286,-0.03038944
5.373651582539931,-0.92105485
4.403385575396762,-0.59298824
2.323216327351284,0.11035916
3.5522065407715977,-0.30518735
3.578673720171125,-0.31413644
4.252012754382996,-0.54180602
3.242567286717928,-0.20049204
4.589862679847986,-0.65603993
1.0833427677886545,0.52958555
0.785937799269586,0.6301442
0.6038258574700657,0.69171994
4.365325982646852,-0.58011952
5.071799439132748,-0.81899252
2.6507633214376005,-0.00039112
5.368755869037528,-0.91939951
5.296422496135656,-0.89494213
3.2054515297057042,-0.18794245
1.4299722318139536,0.4123831
0.4806422953688232,0.7333708
2.276341380383548,0.12620853
5.310308117126458,-0.89963714
4.183633122488137,-0.51868548
4.481047348068149,-0.61924726
2.3765495678786057,0.09232611
0.8225781928934779,0.61775534
0.2108400784920743,0.8245964
0.13830041805000315,0.84912353
4.282336756614737,-0.55205918
3.7123599354802836,-0.35933846
1.613861558889936,0.35020639
0.18989421837814957,0.83167862
-0.03531472481419762,0.90782633
3.30092433126186,-0.22022374
2.6328646018637007,0.0056608
5.3852828282258365,-0.92498761
3.9093190791730406,-0.42593434
0.4621533420401214,0.73962229
1.1653762392474272,0.50184837
4.131529414850949,-0.50106816
2.6600511702421237,-0.00353153
0.659348318972383,0.67294667
1.4347711454426542,0.41076049
0.7120860909213018,0.65511496
3.1196619983752125,-0.15893527
1.5585493775898862,0.36890856
-0.07331102647650534,0.92067365
2.5577924698098538,0.03104421
2.3110286524494206,0.11448006
0.648548315953835,0.67659837
0.442392711055009,0.74630376
1.5358725062300416,0.37657607
1.54435070231765,0.37370942
4.971627688375973,-0.78512242
-0.18837874875429916,0.95958038
4.3892286604122335,-0.5882015
5.282085112825637,-0.89009437
4.492893428548608,-0.62325266
5.405391974246606,-0.93178692
0.5610241947691996,0.70619205
2.4453782411674188,0.06905374
5.0517804385489,-0.81222369
3.2526704371168105,-0.20390812
1.6251188548040467,0.34640007
4.9119566735329805,-0.76494644
3.6998863268237767,-0.35512088
4.754257642135903,-0.7116252
0.7285486647368489,0.64954863
2.6213246550504246,0.00956269
3.278215134126899,-0.2125453
2.393112993380472,0.08672568
3.1581739745251047,-0.17195695
2.9815562019091226,-0.1122389
-0.03839850911942788,0.90886902
3.7332511996373325,-0.36640222
2.268413018225665,0.12888927
1.5542555800757454,0.37036038
0.29751083470396544,0.79529126
3.6525259904496266,-0.33910739
1.7477099058543444,0.30494955
2.150443222129663,0.16877725
5.231157820885436,-0.87287482
3.1675185782815483,-0.17511655
1.6365140602235264,0.34254712
0.2046938928051354,0.82667455
5.232154832966819,-0.87321193
4.160062042701353,-0.51071562
2.0229725761016097,0.21187766
3.850785499815137,-0.40614295
2.57678127485424,0.02462371
3.2732737859758188,-0.21087453
5.181776103219535,-0.85617786
3.0620847650961434,-0.13946724
2.4912313623983993,0.05354987
-0.2648353289865324,0.9854319
1.3531793807097405,0.43834832
4.871460166883464,-0.75125375
3.050387625698472,-0.1355122
