0.43673844,0.38148092994726723
-0.39849781,0.3176010091495922
-0.98128055,1.925823035616605
0.95421525,1.821053486665125
-0.29666727,0.17602293817850578
0.13475109,0.0363157125123762
0.31863898,0.20306159915088082
0.48892531,0.4780959175171922
-0.80947177,1.310489092853866
-0.16748764,0.05610421910553919
-0.2822848,0.15936941662208
-0.25506168,0.13011292120884482
-0.99988889,1.9995555846908644
-0.11021339,0.024293982670584198
-0.72104728,1.0398183599907966
-0.77281324,1.194480607838595
0.85276085,1.454402134585445
0.12539629,0.0314484590915282
0.48913845,0.478512846536805
0.74744493,1.1173478467654099
0.37643553,0.28340741649276185
-0.83978853,1.4104895502391217
0.40433882,0.3269797627179848
0.88436006,1.5641854314464072
-0.43849662,0.38455857150284883
-0.75599585,1.1430594504344451
-0.8628134,1.4888939264391199
-0.58794538,0.6913595397266887
0.28925032,0.1673314952402048
-0.2343954,0.10988240708232
0.77473904,1.2004411602002434
-0.51013488,0.5204751915852287
-0.76699704,1.1765689187375232
-0.1531097,0.04688516046817999
-0.15444339,0.04770552142938421
0.58215067,0.6777988051628978
-0.55606315,0.6184124535758448
0.60936065,0.7426408035368449
0.49186809,0.48386843592049616
0.65132277,0.8484427014409459
-0.34811567,0.2423690393990978
0.29396592,0.1728319242428928
0.0052885,5.5936464499999995e-05
0.12359785,0.030552857049244996
0.76136894,1.159365325593447
-0.3570166,0.25492170535112
-0.94054947,1.7692666110345618
0.76209631,1.1615815714312323
0.12770802,0.0326186767446408
-0.24410788,0.1191773141561888
-0.38213598,0.2920558144211208
-0.24327992,0.1183702389504128
-0.31878309,0.2032453169398962
-0.3760212,0.28278388569888
-0.91474212,1.6735062922041888
-0.10846251,0.023528232151000198
0.04994739,0.004989483535624201
0.0940055,0.017674068060500002
0.83166345,1.383328188131805
-0.08878257,0.0157646894716098
-0.22202989,0.09859454410682421
0.12279748,0.0301584421887008
0.2065951,0.08536307068802
-0.7391271,1.0926177399088202
-0.34592231,0.23932448911147222
-0.96900184,1.8779291318467712
-0.55754316,0.6217087505255713
0.91175656,1.6626000494060673
-0.92594704,1.7147558417695234
0.77227199,1.1928080530771203
0.17160403,0.058895886224481796
-0.90448068,1.636170600986525
-0.4440864,0.39442546132992
0.97868693,1.9156562139056497
-0.81709533,1.3352895566156178
-0.20332358,0.0826809563680328
-0.94222745,1.7755851350670049
0.77551609,1.202850411697776
0.73269065,1.073671177194845
-0.48809851,0.4764803109284402
0.52252854,0.5460721502290633
0.5291023,0.55989848773058
0.48877529,0.47780256822916817
-0.7404547,1.09654632550418
0.40987921,0.33600193358044816
0.4852716,0.47097705153312003
0.44237018,0.3913827523064648
0.64590604,0.8343892250169631
-0.61781678,0.7633951472991367
0.95833161,1.8367989494503842
-0.55267198,0.6108926349542407
-0.05375895,0.005780049410205
-0.09946447,0.0197863615847618
0.19924737,0.07939902890383381
-0.93439588,1.7461913211219486
-0.21255815,0.090361934262845
0.30858091,0.19044435603285617
-0.69834539,0.9753725674685041
-0.35671592,0.25449249516289285
-0.03520943,0.0024794079218498
-0.36126395,0.261023283139205
0.26333668,0.1386924140668448
-0.50454252,0.5091263089759008
-0.95632989,1.8291337170148243
0.93372221,1.7436743308945681
-0.69677623,0.9709942293860258
-0.3486931,0.24317375597521998
0.60322999,0.7277728416708001
-0.17983451,0.0646809019738802
-0.56056396,0.6284639065017631
-0.72362914,1.0472782645142793
-0.28940564,0.16751124892761923
0.77467424,1.200240356239155
-0.16251692,0.052823498572572805
0.10068686,0.0202756875533192
0.7200373,1.03690742678258
0.16647288,0.05542643955098879
-0.27194078,0.1479035756540168
-0.69834653,0.9753757519260818
-0.99857983,1.9943233537656575
-0.49200336,0.4841346125025792
-0.60649888,0.7356817828825087
-0.7670754,1.17680933857032
0.16061126,0.0515919536775752
0.43771375,0.383186653878125
-0.42965999,0.3692154140136002
-0.37421684,0.2800764866791712
-0.87027315,1.5147507112218452
0.14536203,0.042260239531441805
0.16082603,0.051730023851121805
0.42229011,0.3566578740076242
0.42064992,0.3538927103920128
-0.45172213,0.4081057654634738
0.29300724,0.1717064853848352
0.50671322,0.5135165746455367
-0.20363232,0.0829322434971648
-0.60019612,0.7204707649261088
-0.0258417,0.00133558691778
0.70783228,1.0020530732199968
0.80343916,1.2910289676430113
0.17731995,0.062884729336005
0.98391608,1.9361817049651326
0.2887486,0.16675150800392002
0.95298793,1.81637198945137
0.33670136,0.2267356116516992
0.41871872,0.35065073295687677
-0.79156645,1.253154889531205
0.55624053,0.6188070544293617
0.05413309,0.0058607828658962
-0.50222227,0.5044544169679057
0.70883801,1.0049026488415203
0.82390719,1.3576461154673922
0.70384113,0.9907846725593539
0.42109279,0.3546382755799682
0.94239982,1.7762348414720648
-0.52640131,0.5541966783394322
-0.47491959,0.4510972339315362
-0.83306427,1.387992155901266
-0.45232498,0.4091957750640008
-0.48679647,0.47394160640892175
0.63166596,0.7980037700454431
-0.31521355,0.198719164207205
0.33393497,0.2230251283778018
0.71375779,1.018900365571368
-0.10594187,0.022447359638193796
-0.90804603,1.6490951851975215
0.97720503,1.9098593413146019
0.29683916,0.1762269738190112
-0.07209849,0.0103963845205602
-0.29453556,0.17350239220902716
-0.75868963,1.1512199093390738
0.76502128,1.170515117705677
0.35792578,0.2562217279772168
0.39467563,0.3115377058317938
-0.61934836,0.7671847820693793
-0.85627143,1.4664015236684895
0.23123318,0.10693756706582482
0.8561055,1.4658332542605
0.57993099,0.6726399063247602
0.09673021,0.018713467053288198
-0.8044811,1.2943796805144199
0.57745721,0.6669136587619683
0.21927439,0.09616251621974421
-0.84124447,1.4153845166111618
0.18090506,0.0654532814672072
-0.92355761,1.7059173179778242
0.54463072,0.5932452423354369
0.18393975,0.06766766326012501
-0.56662813,0.6421348754145938
-0.310403,0.192700044818
0.85977178,1.4784150273687366
0.93603825,1.7523352109261248
-0.75921685,1.1528204506478452
0.80792993,1.3055015435796098
0.14789591,0.043746400389456194
-0.02402377,0.0011542830500258
-0.08653765,0.014977529735044999
-0.76559983,1.1722861993920577
-0.65107622,0.8478004884989767
-0.2458804,0.12091434220832
0.77915438,1.214163095746369
0.54836107,0.6013997261830898
-0.20585384,0.08475160688549122
0.25049024,0.12549072067051517
-0.22109768,0.09776836820276479
-0.25769188,0.1328102100358688
-0.5451127,0.59429571140258
-0.70968787,1.0073137456502739
0.6530481,0.85294364182722
0.90474526,1.6371279709849351
-0.37876251,0.2869220779630002
-0.59373954,0.7050532827188231
-0.24145068,0.1165968617449248
-0.99767388,1.990706341668509
0.29751725,0.177033028095125
0.79978253,1.2793041905864018
0.52073451,0.5423288598098803
-0.06774374,0.009178428618375199
-0.03795953,0.0028818518356417996
-0.05051855,0.0051042477882050005
0.03444084,0.0023723429198112002
0.03848207,0.0029617394229698
-0.65559239,0.8596027636518243
-0.06614745,0.008750970283005
-0.03648112,0.0026617442329087996
-0.64623859,0.8352486304103761
0.43848059,0.3845304556134962
0.23674969,0.11210083143019221
-0.41346038,0.34189897165948885
0.38265907,0.2928559277065298
-0.28203701,0.15908975001948017
-0.31189651,0.19455886590036023
-0.33903623,0.2298911305052258
-0.60963141,0.7433009121171762
0.37787019,0.2855717609812722
0.03512816,0.0024679752499712
0.74923634,1.122710186353191
-0.93033617,1.7310507784205378
0.44064045,0.38832801235240505
0.92371972,1.706516242233757
-0.6366348,0.8106077371420799
-0.30419405,0.185068040110805
0.78043635,1.218161792802645
-0.24452492,0.1195848730020128
-0.08834797,0.0156107276062418
0.28541713,0.1629258761948738
-0.37810631,0.2859287633236322
0.99494842,1.9798447169209925
0.25321864,0.1282393592868992
0.26941473,0.1451685934819458
-0.4861015,0.47258933660450003
0.79204353,1.254665906829722
0.22604997,0.10219717787400179
0.98709035,1.948694718126245
-0.03634644,0.0026421274013472
0.13226151,0.0349862140549602
-0.14876616,0.04426274072229121
0.66194918,0.8763534338053449
0.76751858,1.1781695412904327
0.98659056,1.9467218661622272
-0.98726957,1.94940240769597
0.95034158,1.8062982373537928
-0.96218429,1.8515972158456084
-0.58826775,0.6921178913801249
-0.11945157,0.028537355150929804
-0.62524148,0.7818538166251808
-0.27325283,0.1493342182060178
0.50063924,0.5012792972555553
0.47490147,0.4510628124163218
0.55709821,0.6207168311704083
0.02644958,0.0013991605643528
-0.08554766,0.014636804262951199
-0.12507705,0.031288536873405
0.43654186,0.3811375910645192
-0.60378469,0.7291119037567922
0.74747036,1.1174238781570591
-0.52205026,0.5450729479321351
-0.38918557,0.3029308157924498
0.38683954,0.29928965941482316
0.11558114,0.0267179998473992
-0.58362529,0.6812369582551682
0.16075456,0.0516840571215872
0.69150391,0.9563553150905763
0.14915724,0.044495764488835195
0.74291022,1.1038311899608966
0.8341637,1.3916581567953799
-0.01286181,0.0003308523129522
-0.66618215,0.8875973139572451
-0.3258894,0.21240780206471999
0.5784313,0.6691655376393799
-0.61161435,0.748144226251845
0.28444608,0.16181914485473278
-0.76970321,1.1848860629686082
-0.30333418,0.1840232495125448
-0.26174143,0.1370171523568898
0.80512951,1.29646705574568
-0.35352399,0.2499584230110402
0.0512234,0.0052476734151200004
-0.36831498,0.2713118489848008
0.30138399,0.18166461885664018
0.7288054,1.0623146221383202
0.3915754,0.30666258777032
0.04036497,0.0032586616062018
0.90335561,1.6321027162369441
-0.19848175,0.07879001016612501
-0.21484937,0.09232050357879382
0.9471872,1.79432718368768
0.20129923,0.0810427599971858
0.4710461,0.44376885665042004
0.21682538,0.09402649082428881
0.12615792,0.0318316415574528
0.86025716,1.480084762662531
0.4804815,0.4617249436845
-0.89073048,1.5868015760020608
-0.57956783,0.6717977391418178
-0.11391025,0.025951090110125002
-0.09545153,0.0182219891586818
0.38937877,0.30323165305342575
-0.38487883,0.2962634275643378
-0.72705619,1.0572214068346322
0.72869662,1.061997527998849
-0.16319316,0.0532640149415712
0.84201904,1.4179921274450433
0.42608406,0.36309525237216717
-0.4432546,0.39294928084232
0.75858286,1.150895910971559
-0.36030818,0.2596439691498248
0.14594423,0.0425994365405858
-0.72403762,1.0484609503505289
-0.56321591,0.6344243225542563
-0.36636372,0.2684447506644768
-0.77899526,1.2136672302049352
0.86612521,1.5003457587950881
0.05455183,0.005951804312697801
0.28874183,0.16674368878349777
-0.52377417,0.5486787623183779
-0.1599861,0.051191104386419994
0.35893235,0.25766486375304504
-0.50970882,0.5196061623715847
0.90981749,1.6555357302198002
-0.10694173,0.0228730672307858
-0.8735926,1.5263280615495203
-0.79088335,1.250992946614445
-0.8895166,1.58247956335112
-0.16993099,0.0577530827247602
0.67484873,0.9108416167652258
-0.07431798,0.011046324302560803
0.32033381,0.2052274996582322
0.514676,0.529782769952
-0.41478974,0.34410105681853526
0.04906635,0.004815013404645001
-0.3520131,0.24782644514322003
0.03439041,0.0023654005999362003
0.8396434,1.41000207832712
-0.35017557,0.2452458596496498
-0.04669526,0.004360894612935201
-0.7297881,1.06518134180322
0.49887067,0.4977438907724978
0.70716468,1.0001637692790049
0.28746307,0.1652700332276498
-0.62220389,0.7742753614622642
-0.92433795,1.708801291620405
0.6523641,0.85115783793762
0.38726764,0.2999524499823392
0.02636529,0.0013902570335681999
-0.06137992,0.007534989158412799
0.75951288,1.1537196297717887
-0.22096698,0.09765281250064081
0.55105385,0.6073206911996449
-0.37768762,0.2852958766025288
0.41258193,0.34044769792504975
-0.21726912,0.09441174101114881
-0.11882602,0.028239246058080803
-0.42320598,0.35820660301552076
-0.34353965,0.23603898224424497
-0.70154623,0.984334225654426
0.81744744,1.3364406343251072
0.57990964,0.6725903811298592
-0.39444266,0.3111700240557512
0.33004413,0.21785825549491378
-0.4197757,0.35242327662097994
0.29650062,0.1758252353207688
-0.8857938,1.56926131223688
-0.21752527,0.09463448617714579
0.95628477,1.828961122667906
-0.38928903,0.30309189775668177
0.85861071,1.4744247026534083
0.23337245,0.108925400838005
0.37862917,0.28672009674977783
0.9161327,1.6785982480185802
0.38174926,0.2914649950210952
0.84810212,1.4385544118969886
0.55739381,0.6213757188526322
0.13103399,0.03433981307064019
-0.97829271,1.914113252878288
-0.28056035,0.15742821998424503
-0.34918227,0.24385651536470582
-0.91514857,1.67499381034609
-0.16623749,0.055269806163000194
0.09343586,0.0174605198678792
-0.43125711,0.3719653898511042
-0.28533003,0.1628264520396018
-0.1222529,0.029891543116819998
0.56238052,0.632543698550941
-0.72266712,1.0444955326581888
-0.25059342,0.12559412429459282
0.82041401,1.3461582956085603
0.74114566,1.0985937786736713
0.09291028,0.017264640259356798
0.39918999,0.3187052962324002
-0.27886498,0.15553135414080077
0.06461267,0.008349594249057799
-0.56329572,0.634604136340637
-0.22768141,0.1036776489191762
0.33748779,0.22779601679816822
0.50968417,0.5195559062971777
-0.970254,1.8827856490319999
0.8975749,1.61128140222002
0.67639852,0.9150299157163808
0.32192362,0.20726963422780884
0.06919449,0.009575754892720199
-0.04247053,0.0036074918369617998
0.4759733,0.45310116462578
-0.6790346,0.9221759759943201
0.70198265,0.9855592818020451
0.3302853,0.21817675879218001
-0.5597555,0.6266524395604999
0.69791624,0.9741741561114751
0.76225772,1.1620736633991968
-0.91371863,1.6697634696181538
0.81826505,1.3391153841030052
-0.52255063,0.5461183218267939
0.13618684,0.0370937107783712
0.99291727,1.9717694101285057
-0.02186238,0.0009559273185288001
-0.62105139,0.7714096580418641
-0.11749199,0.0276087354283202
-0.51737519,0.5353541744550722
-0.75463365,1.138943891424645
-0.31320084,0.1961895323534112
0.63737929,0.8125047186418083
0.23010292,0.10589470758505279
-0.69836199,0.9754189381535202
-0.19941143,0.0795298368292898
0.70863708,1.004333022301853
-0.24754682,0.1225588561842248
0.76096178,1.158125661241537
-0.44693361,0.3994993034952642
0.79351548,1.259333633999261
-0.03247022,0.0021086303736968003
-0.57352803,0.6578688023913617
-0.04331605,0.003752560375205
-0.1805764,0.06521567247392
-0.32711608,0.21400985958913277
0.11588744,0.026859797499507197
-0.71630312,1.0261803194434687
0.5456367,0.59543881677378
0.25207581,0.12708442797431221
0.25286789,0.12788433958610418
-0.42409772,0.3597177522183968
0.10592341,0.022439537572056197
-0.07322143,0.010722755622489802
0.22320246,0.09963867630010319
-0.94363325,1.780887421011125
-0.87821314,1.542516638537319
-0.8177498,1.33742947080008
-0.82460789,1.3599563445005043
-0.77103124,1.1889783461118753
-0.97016331,1.8824336961403123
-0.21013344,0.0883121252124672
0.36480397,0.26616387305552175
-0.99695554,1.987840697473383
-0.59126855,0.699196996438205
0.61863268,0.7654127855279649
0.15454207,0.0477665027997698
-0.44643383,0.3986063291369378
-0.04198663,0.0035257541975137995
-0.65972575,0.870476130426125
-0.33589741,0.2256541400894162
0.09915343,0.0196628053615298
-0.23684575,0.112191818586125
0.52440142,0.5499936985960329
-0.36373536,0.2646068242286592
0.1145649,0.026250232624019997
-0.49900453,0.4980110419210418
0.11408511,0.026030824647424202
0.23952869,0.11474798666623219
-0.04263261,0.0036350788708242004
0.76445819,1.1687926485161524
-0.78177302,1.222338109599841
0.50536321,0.5107839480430081
-0.70406193,0.9914064025506496
-0.75453937,1.1386593217599938
0.32027509,0.2051522665490162
0.73261157,1.0734394249957298
-0.96018794,1.843921760242887
0.7477603,1.1182909325121801
0.97014161,1.882349486906784
0.38929558,0.30310209721507275
0.82896459,1.3743645829477362
