0.26283487,0.13816433777583378
0.21254179,0.09034802499280821
-0.69084044,0.9545210270787872
-0.80188354,1.286034423445863
0.4569174,0.41754702084552
-0.61575972,0.7583200655489568
-0.79949534,1.2783855973634313
0.23008861,0.1058815369034642
0.17934072,0.0643261877002368
-0.61383274,0.7535812653918151
-0.68775181,0.946005104316552
0.87091721,1.5169935733483682
-0.65148455,0.8488642377774052
-0.33883518,0.22961855841126483
-0.77973466,1.2159722800106312
-0.91525635,1.675388372430645
0.6121761,0.74951915482242
0.4583816,0.42022738243712
-0.90262259,1.6294550799566163
0.80382548,1.2922708045944606
0.97791425,1.912632560706125
-0.0406455,0.0033041133405
0.87346365,1.525877495742645
-0.70883996,1.0049081777856033
-0.34637433,0.2399503529658978
-0.21982667,0.0966475296865778
-0.08267727,0.013671061949305799
0.94790686,1.7970548304701193
-0.53992334,0.5830344261535112
0.05832558,0.0068037465646728
-0.17600231,0.061953626250672196
-0.92161308,1.6987413384541727
-0.3547393,0.25167994192897997
0.70623219,0.9975278123843923
0.72009418,1.0370712561397448
0.91321942,1.667939418130273
0.03436991,0.0023625814268161995
-0.16059944,0.05158436025662721
-0.33795554,0.2284278940333832
0.84856122,1.4401122881757769
0.67185436,0.9027765621020192
0.41226531,0.3399253716587922
0.44216018,0.39101124955526484
-0.15895169,0.050531279507712204
0.6644758,0.8830561775712799
0.97317323,1.894132271177266
0.39811226,0.31698674312461517
0.76258381,1.163068134548232
-0.19439142,0.0755760483392328
0.20306529,0.0824710240055682
0.73156259,1.0703676461750162
-0.65211094,0.8504973561353673
0.99303529,1.9722381743707682
-0.13303801,0.035398224209520206
0.17476172,0.061083317554716805
0.83679075,1.400437518571125
-0.34075398,0.2322265497716808
0.20888462,0.0872655689450888
-0.20269125,0.082167485653125
-0.1884149,0.07100034908402
-0.76512003,1.1708173206144017
-0.20582589,0.0847285939885842
0.54411653,0.5921255964384818
-0.0613962,0.00753898674888
0.56133793,0.6302005433133697
-0.52942709,0.5605860872517362
-0.06332214,0.0080193868283592
-0.35485433,0.2518431910394978
0.05779924,0.0066815042891552
0.6465186,0.8359726002919201
-0.39957196,0.3193155024364832
-0.36612073,0.2680887778714658
-0.97245933,1.8913542970080977
-0.87628927,1.535765769434266
-0.59163996,0.7000756845376032
-0.85125399,1.4492667109818402
-0.19091987,0.0729007935216338
-0.54412962,0.5921540867226888
0.76213768,1.161707686551565
0.90247363,1.628917305690754
0.80470168,1.2950895875896447
0.10612379,0.022524517607928198
-0.51787455,0.5363880990754051
0.53875478,0.5805134259456968
-0.95080875,1.808074558153125
-0.39954238,0.31926822683212874
-0.74111391,1.0984996551909763
0.66603802,0.8872132881710408
-0.9187398,1.68816564020808
0.78864049,1.2439076449348803
-0.32616266,0.2127641615565512
0.68837999,0.9477340212648003
-0.60584256,0.7340904150147073
0.92601735,1.7150162650020448
0.22203115,0.09859566314064501
0.32355687,0.2093780962483938
0.21415602,0.0917256018044808
-0.42773374,0.36591230466877517
0.95443983,1.8219107781808577
0.74143298,1.099445727663361
0.7916988,1.2535739798428802
-0.28798855,0.165874809862205
-0.28270158,0.15984036666899282
0.96950179,1.8798674416264083
0.81540048,1.3297558855684608
-0.86053713,1.4810483042172737
0.82122717,1.3488281294924178
0.32403479,0.20999709026068822
-0.33302939,0.22181714920754417
-0.21160726,0.0895552649694152
0.41120758,0.33818334769891284
-0.34297313,0.23526113580399383
-0.44891311,0.4030459606597442
0.77037329,1.1869500118908483
0.24857034,0.1235744278554312
-0.37515313,0.2814797418975938
0.7585386,1.1507616153799198
-0.82763144,1.3699476009529472
-0.26946968,0.14522781687860478
-0.21589229,0.09321896176288819
0.68398956,0.9356834363779872
-0.77217553,1.192510098261562
-0.90948424,1.6543231656167554
0.56342895,0.634904363396205
-0.12191852,0.0297282510379808
-0.96804837,1.8742352933193138
-0.3771516,0.28448665876511997
0.05129757,0.0052628813758098004
0.77467218,1.200233972931905
0.08779933,0.015417444696897799
0.50971531,0.5196193944967923
-0.66411381,0.8820943052654323
0.35608244,0.2535894081527072
0.7068376,0.9992387855475199
0.15247496,0.0464972268540032
-0.61334252,0.7523780936799008
-0.33974902,0.23085879318192082
-0.60554605,0.7333720373412048
-0.52477077,0.5507687220927859
-0.04217239,0.0035570209566241997
0.14697246,0.0432018079969032
0.95211371,1.8130410335399283
-0.62680516,0.7857694172052512
-0.57387441,0.658663676905696
0.03423389,0.0023439184490642003
-0.94678291,1.7927957573361364
-0.68073609,0.9268032484569763
-0.450764,0.406376367392
-0.37197688,0.2767335985090688
-0.54401048,0.5918948046996607
-0.31018354,0.1924276569738632
-0.74775189,1.118265777997144
-0.48987988,0.4799645936576288
0.09920235,0.019682212491044997
-0.54566541,0.5955014793409362
-0.88808867,1.577402971564738
0.78024596,1.2175675161926431
0.30798409,0.1897083993862562
0.34095222,0.23249683264585677
0.5676409,0.64443238270562
0.19720648,0.0777807915079808
0.22640085,0.10251468976144498
-0.56410498,0.6364288569216008
-0.90664092,1.6439955156368926
-0.3192404,0.20382886598431998
-0.78604636,1.2357377601384993
0.76086916,1.1578437572782114
-0.84114701,1.4150565848638803
0.81124992,1.3162528654000127
0.5488829,0.6025448758248199
-0.38337968,0.2939599580738048
0.80338331,1.290849485573112
-0.0151232,0.00045742235648
-0.22864978,0.1045614437880968
-0.82376076,1.357163579431555
-0.14222832,0.04045779002004479
-0.28082641,0.15772694510697624
0.33884585,0.229633020124445
0.81374543,1.3243632496917699
-0.77248531,1.1934671083315922
-0.93047281,1.7315593002985923
0.50247299,0.5049582113590803
-0.94562028,1.7883954278945566
-0.01916665,0.000734720944445
0.40054678,0.3208754459367368
0.79243539,1.255907694648904
0.94974627,1.8040359547578257
-0.75338915,1.1351904226754448
0.185731,0.06899200872200001
-0.34091643,0.2324480244878898
0.72102493,1.0397538993630098
-0.12922117,0.0333962215523378
-0.52145834,0.5438376007111112
-0.77829624,1.211490074396275
0.0157174,0.00049407332552
-0.59271713,0.7026271923908739
0.54270988,0.5890680276992287
-0.09044984,0.0163623471120512
-0.9332765,1.7420100509044998
0.87676921,1.537448495208048
-0.35517817,0.2523030648890978
0.48142733,0.46354454814185775
-0.39569955,0.313156267740405
0.96201905,1.850961305125805
-0.80900702,1.3089847168185609
-0.73375775,1.076800871370125
-0.43540551,0.3791559162767202
0.2303441,0.10611680880962
0.70043557,0.9812199754424498
0.97482771,1.9005781283676884
0.78968876,1.2472166753406753
0.01705474,0.0005817283129351999
0.53466994,0.5717438894792072
0.46345835,0.42958728436944504
-0.25342856,0.12845207004734724
0.00277172,1.53648635168e-05
-0.58882467,0.6934289840012179
0.25528335,0.13033917757444502
-0.13501976,0.03646067118091519
-0.92225887,1.7011228465873536
-0.44543962,0.39683291013148875
0.51957367,0.5399135971145378
-0.15004249,0.0450254976108002
-0.812645,1.3207837920499998
0.7270672,1.05725342663168
-0.93993889,1.766970233868864
-0.38667078,0.29902858421161677
0.78582744,1.2350495309139073
-0.76151995,1.1598252684960049
-0.00272186,1.48170437192e-05
0.94326476,1.7794968149157153
0.87201073,1.5208054264702657
-0.94190163,1.7743573611933139
0.92275896,1.7029681965205632
0.22426097,0.1005859653306818
-0.97827686,1.9140512296229193
0.05090595,0.005182831490805
-0.1789954,0.06407870644232
0.88025299,1.5496906528078802
-0.45607504,0.41600888422200316
-0.49273328,0.48557217043911677
-0.84308839,1.4215960667055842
-0.1439571,0.04144729328082
0.92502387,1.7113383201395538
0.45333052,0.4110171207269408
-0.9764608,1.90695138787328
-0.91982715,1.6921639717542452
0.17081968,0.0583587261506048
-0.27411429,0.15027728796440817
0.95298561,1.8163631457341443
-0.12528141,0.031390863383176204
-0.69565818,0.9678806068018249
-0.37866562,0.2867753035399688
-0.73852749,1.0908457069714002
0.32489823,0.21111771971426582
0.70315925,0.988865861721125
0.78568386,1.2345982557289992
0.23364868,0.10918341133148479
0.16474196,0.054279826769283196
0.19753945,0.078043668612605
-0.89046384,1.5858517006950912
0.38098448,0.2902983480017408
-0.93242867,1.7388464492759377
-0.54260113,0.5888319725545538
-0.27751643,0.15403073783988977
-0.8677353,1.5059291017321799
0.33357554,0.2225452817725832
-0.84682468,1.4342240773142048
-0.85298851,1.4551787963840401
-0.85120063,1.4490850250247937
-0.77520532,1.2018865763126048
-0.75720806,1.146728092257927
0.66571069,0.8863414455605523
-0.07796415,0.012156817370444998
0.73826565,1.090072339939845
-0.53990391,0.5829924640665763
0.60605364,0.7346020291144991
0.65909748,0.8688189762847008
-0.17026585,0.057980919352444996
0.09000938,0.0162033769759688
-0.92975848,1.728901662263821
-0.46820596,0.43843364195904316
0.68527832,0.9392127517240448
0.31377703,0.19691204911124183
-0.38699734,0.29953388233415124
0.75491002,1.1397782765928006
0.33137732,0.21962185642076476
-0.48006003,0.46091526480720185
0.59309848,0.7035316139566208
-0.80998081,1.3121378251365121
-0.23126819,0.10696995141175221
0.41232652,0.34002631819062074
0.90051828,1.6218663452283169
0.65561368,0.8596585948062847
0.6103134,0.74496489243912
0.2286693,0.10457929752497999
-0.77245097,1.1933610021078818
-0.54639117,0.5970866213079379
0.30561353,0.18679925943812184
-0.02369177,0.0011225999314658
0.80716029,1.3030154675057681
-0.61959607,0.7677985799188899
0.06290547,0.0079141963118418
0.52075291,0.5423671865469363
-0.11481944,0.026367007603827198
-0.1844192,0.06802088265728
-0.24063088,0.11580644081914879
-0.70341866,0.9895956224723911
0.30396103,0.18478461551732184
0.70564917,0.9958815022433779
0.56805227,0.6453667629043058
-0.76502513,1.170526899063034
-0.22945705,0.10530107558940499
-0.02582483,0.0013338436890578
0.14726653,0.043374861716481805
0.50978218,0.5197557420911048
0.26299162,0.13832918438044878
0.2134789,0.09114648149042
0.57602714,0.6636145320331592
0.61919845,0.7668134409648049
0.84211805,1.4183256202716048
-0.95790902,1.8351793811947208
-0.69805004,0.9745477166880033
-0.9927953,1.97128501540418
0.03302235,0.0021809511990449996
0.68300329,0.9329869883016483
0.44435858,0.3949090952392328
-0.31780049,0.2019943028884802
0.2194903,0.09635198358817999
-0.24843483,0.1234397295142578
-0.88962361,1.5828603349388641
0.4985633,0.49713072821377996
-0.16922419,0.057273652962312196
0.89669898,1.6081381214660808
-0.94036059,1.7685560784502965
-0.29139374,0.16982062342237522
-0.54107979,0.5855346782928881
0.04911687,0.0048249338371938
-0.87317977,1.5248858214745058
0.98384716,1.9359104684801314
0.49293133,0.4859625921911378
-0.92094574,1.696282112048295
0.32638137,0.2130495973661538
0.93145679,1.7352235032742083
0.29725489,0.1767209392578242
-0.58829366,0.6921788607923913
-0.55563055,0.6174506161866049
0.1771421,0.06275864718482
-0.34499913,0.23804879940151377
0.83968173,1.410130815391586
0.21597017,0.09328622865965779
-0.80712407,1.3028985287467296
-0.62954385,0.792650918145645
-0.90584313,1.641103552336394
-0.00411208,3.38184038528e-05
0.55373796,0.6132514566899231
0.748528,1.1205883335679998
0.74778443,1.11836310750085
0.8303555,1.3789805127605002
0.31006834,0.1922847509407112
-0.87325905,1.5251627368138052
-0.25744713,0.1325580494904738
-0.15459135,0.04779697098964499
0.98745242,1.9501245635277127
-0.34049533,0.2318741395036178
0.62472708,0.7805678489706528
0.25534765,0.130404844721045
-0.49575659,0.4915491930568562
-0.68037636,0.9258239824936992
0.22448793,0.1007896614313698
0.6159628,0.7588203419676801
-0.90663223,1.643964000949546
-0.23035925,0.10613076812112499
-0.66153205,0.8752493063544051
-0.24916037,0.1241617799570738
0.42801919,0.3664008540165122
0.69107517,0.9551697811810577
-0.64025557,0.8198543898320498
0.94918229,1.8018940392992882
-0.3911898,0.30605891924808
-0.3789666,0.28723136783111997
-0.24606898,0.12109988583648079
0.78541456,1.2337520621199871
-0.13243192,0.0350764268697728
0.55579674,0.6178200323892552
0.23264353,0.1082460241017218
0.96490665,1.8620896864284449
0.2472458,0.12226097123527999
-0.9130982,1.66749664568648
-0.37210668,0.2769267626012448
-0.43551831,0.37935239669051224
0.08489866,0.0144155649395912
0.94855685,1.799520195363845
0.64576386,0.8340219257641991
0.41205787,0.3395833764578738
-0.24712257,0.12213912920680982
-0.85960477,1.4778407212135058
0.62538697,0.7822177244915618
0.78721556,1.2394166758122274
-0.2124918,0.09030553013448
0.36677035,0.26904097927824505
-0.08255786,0.013631600495559199
0.07911338,0.0125178537900488
0.24949252,0.12449303507190079
0.54345327,0.5906829133473858
0.1256811,0.031591477794419995
-0.88631557,1.57111057924885
0.16041159,0.05146375641265619
0.26961091,0.14538008558205617
0.22080924,0.09751344093875519
0.99466019,1.9786977871416724
0.85954488,1.4776348014684286
-0.55970374,0.6265365531399752
-0.57482823,0.6608549880098659
-0.40946286,0.3353196674387592
0.82555687,1.3630882912083937
0.77516948,1.2017754454469407
-0.67145432,0.901701807693325
0.6796268,0.9237851745564799
-0.2927891,0.17145091415762004
0.28758186,0.16540665240211921
-0.14020299,0.0393137568098802
0.83272189,1.386851492170344
-0.5436082,0.5910197502144799
-0.28971237,0.16786651466203378
0.7732266,1.1957587498951199
0.88111679,1.5527335952398083
-0.93183149,1.73661985151124
0.16385758,0.0536986130469128
0.82879423,1.3737997513625857
-0.51587128,0.5322463550576769
-0.31815022,0.2024391249720968
0.295635,0.17480010644999996
0.65773461,0.8652296343837041
0.34230543,0.23434601481496983
-0.87930199,1.5463439792359202
0.76441165,1.168650341311445
-0.02143816,0.0009191894083712001
0.2750662,0.15132282876487999
-0.16862505,0.056868814975005
0.44424514,0.39470748882723916
0.79710176,1.2707424315901952
0.98847405,1.954161895046805
-0.69574449,0.9681207907307203
-0.38721929,0.29987755709620817
0.77807242,1.2107933815293128
0.42684569,0.3643944861431522
0.47565271,0.4524910010606882
-0.9805267,1.92286521882578
0.24328741,0.1183775277290162
-0.8497468,1.44413924822048
0.86404072,1.4931327316362368
-0.95950666,1.841306061168711
0.03618405,0.0026185709488050005
-0.58229161,0.6781270381527841
0.87458149,1.52978556530124
0.45166283,0.4079986240072178
-0.07194675,0.010352669671125001
-0.9762391,1.9060855607376201
-0.14818699,0.04391876801052019
0.43771163,0.3831829420745138
0.00727239,0.0001057753126242
-0.27020557,0.1460221001180498
-0.73179058,1.0710349059534727
0.22832679,0.1042662460634082
-0.33050567,0.21846799580429777
0.89698661,1.6091699570385842
0.11362313,0.025820431341993803
0.95756713,1.8338696169128739
0.32360789,0.2094441329405042
-0.10105153,0.0204228234306818
0.56872243,0.6468904047702098
-0.5872897,0.68981838345218
0.21223326,0.0900859133004552
-0.33609049,0.22591363493688021
0.06034796,0.0072837525523231994
0.23021804,0.1060006918828832
0.03114674,0.0019402388252551998
0.08698699,0.0151334728585202
-0.15146001,0.045880269258400205
0.85418185,1.459253265738845
0.84945227,1.4431383180163058
0.48078623,0.4623107979152258
0.6673907,0.89082069289298
0.70283312,0.9879487891378688
-0.31562865,0.199242889401645
-0.51853668,0.5377605770108448
0.22503531,0.1012817814935922
0.8084876,1.30730439870752
-0.44698513,0.3995914128822338
0.57985343,0.6724600005655298
0.41183748,0.33922021986550077
-0.66652219,0.8885036595247923
0.71782697,1.0305511177187616
0.0229114,0.0010498644999199999
0.96248633,1.8527598708737376
-0.9085546,1.65094292236232
0.53312507,0.5684446805250097
-0.39235694,0.30788793673232717
-0.09693017,0.0187909157124578
