0.34004562,0.2312620473623688
-0.65364602,0.8545062389236809
0.94702953,1.7937298613840418
0.2722674,0.14825907420551998
-0.69351498,0.9619260549688008
0.75083999,1.1275213811664002
0.86484721,1.495921393289568
0.92302253,1.703941181775202
0.52824316,0.5580816721735713
0.24245244,0.1175663713239072
-0.11825848,0.0279701361838208
-0.87583987,1.5341909557632336
0.79384262,1.260372210656929
0.28037456,0.1572197877903872
0.19865748,0.0789295887199008
-0.20672343,0.08546915302192981
0.80946432,1.3104649707061249
-0.05293397,0.005604010359921799
-0.70852088,1.004003674791949
-0.91792859,1.6851857926787763
-0.82496616,1.3611383302902913
0.2500772,0.12507721191968
0.44055185,0.38817186507684504
-0.92244198,1.7017984129326407
-0.6667766,0.8891820686151202
0.84715751,1.4353516934988
-0.27216955,0.14815252789440497
-0.91165688,1.6622365337026688
0.58878081,0.6933256844485123
-0.50649161,0.5130675020007842
-0.86846501,1.5084629471886002
-0.42248935,0.356994501726845
-0.59450311,0.7068678955993442
0.64697542,0.8371543881683527
0.05436911,0.005912000244384199
-0.40525253,0.3284592261428018
0.63215823,0.7992480555134659
0.23130872,0.1070074478960768
0.84888872,1.4412241178864769
0.7808444,1.21943595402272
0.60887522,0.7414580670600969
-0.06383517,0.008149857857857799
0.65406474,0.8556013682225353
-0.33035511,0.2182689974062242
-0.96317412,1.855408770875549
-0.42921502,0.3684510667872008
-0.46470817,0.43190736652949774
-0.9030949,1.63116079681202
0.31432118,0.19759560839318477
0.1203503,0.028968389420179996
-0.47796482,0.45690073831526484
0.73825026,1.0900268927801353
-0.76476236,1.169722934545539
-0.43658319,0.3812097635811522
0.73513457,1.0808456720181698
0.05074855,0.005150830654205
-0.06223131,0.007745471888632199
0.47724119,0.45551830686523215
-0.34739538,0.24136710009068876
0.80759085,1.3044059620074449
0.47126084,0.44417355863501123
-0.28307744,0.1602656740739072
0.68873805,0.948720203035605
0.31387739,0.19703803190642416
0.69500556,0.9660654568618272
0.93064179,1.7321882825888082
-0.56451428,0.6373527446478369
0.83828654,1.4054486462903433
0.75981886,1.154649400023399
-0.94061711,1.7695210952495044
-0.11107726,0.0246763153782152
0.33782154,0.22824678577594318
0.65172651,0.8494948876735603
0.49086447,0.4818958558167618
-0.81529112,1.329399220701709
0.41781525,0.34913916626512503
0.3052513,0.18635671230338
-0.38011839,0.28897998083238413
-0.25250814,0.1275207215325192
0.17022123,0.0579505342854258
0.13778097,0.0379671913882818
-0.25578935,0.13085638314684503
-0.99277733,1.9712136539238578
-0.14804647,0.04383551455892181
0.96349248,1.8566355180331007
-0.26185781,0.13713902531599223
-0.58562347,0.6859096972296819
0.35287692,0.24904424133737277
0.72277458,1.044806186988353
0.20675228,0.08549301057039681
-0.72430866,1.0492460699019914
-0.04604353,0.0042400133097218
-0.24562438,0.12066267210076881
0.98122557,1.9256072384436498
-0.33835764,0.22897178509273922
-0.0778985,0.012136352604499998
0.5446638,0.5933173100608801
-0.42077996,0.35411154947520324
-0.52827606,0.5581511911382473
0.66262551,0.8781451330055203
-0.45717092,0.41801050018729274
-0.31102165,0.193468933537445
-0.94927961,1.8022635559235043
0.64193293,0.8241557732367697
-0.79561182,1.2659963362474247
0.6738945,0.9082675942604999
-0.2139931,0.09158609369521999
0.92525872,1.7122073978720767
0.74432025,1.1080252691201251
0.21352031,0.09118184556499219
0.95845289,1.8372638846987042
-0.71172921,1.0131169367344481
0.93792979,1.759424581938888
-0.33750688,0.22782178809466883
-0.23240743,0.1080264270384098
0.88183336,1.5552601496177791
-0.35977849,0.2588811237333602
0.14224356,0.0404664607229472
0.87604144,1.534897209194547
-0.74269744,1.1031989747651074
0.98456641,1.938742031400576
-0.90101809,1.6236671970144962
-0.86680993,1.5027189094932096
-0.08150599,0.0132864528117602
-0.58368195,0.681369237511605
-0.02346462,0.0011011767834887998
0.19259957,0.0741891887283698
0.31817115,0.202465761384645
-0.57251168,0.6555392474728448
-0.25877793,0.1339320341101698
0.45249255,0.409499015611005
0.42506642,0.3613629228232328
0.03239148,0.0020984159531808
0.53265451,0.5674416540466801
0.77616568,1.2048663256197247
-0.81244668,1.3201392156860448
-0.03463591,0.0023992925230562
0.31544265,0.19900813087804498
-0.01104937,0.00024417715479379995
-0.65553543,0.8594533999705699
-0.56154509,0.6306657762062161
0.27148595,0.14740924209480497
-0.360489,0.259904638242
0.20834215,0.086812902933245
-0.69022506,0.952821266904007
0.96437542,1.8600399014003528
-0.95297147,1.816309245267922
0.16137113,0.0520812831949538
0.20082253,0.0806593771112018
-0.45694644,0.4176000980573472
-0.89155765,1.5897500865470449
0.97365886,1.8960231513129993
0.29173275,0.17021599484512498
0.3294752,0.21710781483008004
-0.17906548,0.0641288922552608
-0.16454168,0.054147928914444796
-0.29774482,0.17730395567366483
-0.41792372,0.3493204714772768
-0.78528117,1.2333330319131377
-0.31080283,0.19319679827201777
0.25202088,0.1270290479119488
-0.37090902,0.27514700223472077
-0.94897418,1.8011039886133449
0.48304094,0.46665709943216716
-0.1364941,0.03726127866962001
-0.03543173,0.0025108149815858
-0.03169298,0.0020088899625608004
0.9717616,1.88864121446912
-0.95108254,1.8091159957857033
-0.9552563,1.8250291973793797
0.26901017,0.1447329431268578
-0.15261384,0.0465819683190912
-0.19747624,0.0779937307290752
0.8285675,1.3730482041125
-0.12428607,0.0308940543920898
0.45341728,0.4111744596051968
0.65484603,0.8576466460135217
0.62606307,0.7839099352356499
-0.86640254,1.5013067226369035
-0.80097265,1.283114372096045
0.11301831,0.025546276790512197
-0.43878884,0.38507129221709124
0.00469945,4.4169660605e-05
-0.3640986,0.26513558104392
-0.20891215,0.08728857283524499
-0.18177551,0.0660846720715202
0.23378293,0.1093089167187698
0.90258306,1.6293123603979272
-0.96609383,1.8666745767281379
-0.18449502,0.06807682480960081
-0.92585403,1.7144113697344818
-0.15482163,0.04793947423171379
0.68072614,0.9267761553585991
-0.2370825,0.1124162236125
-0.26313928,0.13848456135783677
0.45738856,0.4184085896377472
0.05338972,0.005700924403356801
0.27729293,0.1537827380559698
0.53112658,0.5641908879649928
-0.01590702,0.0005060665705608001
-0.59420851,0.7061675067128401
0.75473448,1.1392482706017408
-0.54096035,0.585276200544245
0.13644128,0.037232445776076796
-0.34649569,0.24011852637715222
-0.24467822,0.1197348626847368
-0.08079198,0.0130546880646408
-0.55678885,0.620027646968645
-0.03889771,0.0030260636864882003
-0.90590299,1.64132045458188
-0.45803359,0.4195895391365762
-0.77590783,1.2040659213106177
-0.86591808,1.4996282425417728
-0.67144164,0.901667751851779
-0.1127774,0.02543748390152
0.5637409,0.6356076046656199
-0.80246534,1.2879012438026314
-0.86257727,1.4880790934413057
-0.79918801,1.27740295065552
0.1343638,0.036107261500880006
-0.93276058,1.7400845992038727
-0.9907681,1.9632428559552202
0.22931048,0.1051665924756608
0.40793007,0.3328138840204098
0.0762879,0.011639687372820002
0.85202356,1.4518882935901471
0.82975369,1.376982372137232
0.81808372,1.3385219458580766
-0.97933342,1.9181878950577929
-0.67615385,0.9143680577396448
-0.99919265,1.9967719036280451
0.45149988,0.40770428328002883
0.60324389,0.7278063816446642
-0.75166061,1.129987345251144
-0.18177045,0.066080992986405
0.88154543,1.5542446903077696
-0.08391882,0.014084736700384801
0.8973458,1.61045896955528
0.97089364,1.8852689203848991
0.8606836,1.48155251861792
0.66637432,0.8881094687109247
-0.74306384,1.1042877406310914
-0.59665059,0.7119838530946961
-0.36390039,0.2648469876843042
-0.54259435,0.588817257303845
-0.95450639,1.8221648971016644
-0.70747277,1.0010354405829458
-0.5612616,0.6300291672691201
0.01098021,0.00024113002328820003
0.98722714,1.9492348519051592
0.17893192,0.0640332639897728
0.98424036,1.9374581725058593
-0.39655606,0.3145134174454472
0.61753024,0.7626871946289152
0.30982074,0.19197778186829517
0.67603735,0.914052997190045
-0.80525957,1.29688595015317
-0.60267267,0.7264286943298579
-0.09605638,0.0184536562774088
0.67187437,0.9028303381257939
-0.23080749,0.1065441948802002
-0.92266589,1.7026246891389842
-0.19893759,0.0791523294300162
0.99006082,1.9604408545981447
0.72757738,1.058737687775329
0.1029945,0.0212157340605
-0.34020542,0.23147945559475278
-0.55543811,0.6170229880807442
0.37197467,0.2767303102432178
-0.78669721,1.2377850004435682
-0.55161967,0.6085685206618178
-0.72111249,1.0400064464680001
0.00430859,3.7127895576200004e-05
0.63415717,0.8043106325248179
-0.86859937,1.5089297311287937
0.90088464,1.6231862691758592
-0.23245891,0.1080742896767762
0.35283648,0.2489871632375808
0.86991212,1.5134941930457886
-0.98143072,1.9264125163194368
-0.86117568,1.4832471036469248
0.8890528,1.58082976237568
-0.1128981,0.02549196196722
-0.15165311,0.0459973315453442
-0.50227623,0.5045628224460258
0.50492361,0.5098957038708641
-0.80123041,1.283940339817536
0.6817785,0.9296438461244999
0.43606588,0.38030690340034884
-0.19034249,0.0724605269988002
-0.70179603,0.9850353354475219
0.68031861,0.9256668222246643
-0.25835951,0.13349927281488022
-0.53651664,0.5757002099937791
-0.7884966,1.24345377642312
-0.94867079,1.7999525355984483
-0.50256092,0.5051349566224927
-0.93699096,1.7559041182434434
-0.99782736,1.9913188807291393
0.02962529,0.0017553156151682
-0.10149547,0.020602660861041802
-0.38425007,0.2952962325900098
-0.48011047,0.4610121268072418
-0.92579915,1.714208132281445
0.93938487,1.7648878679698339
-0.55149811,0.6083003306671443
-0.93707926,1.756235079044295
0.26997553,0.14577357359756182
0.97959988,1.9192318497920287
-0.53887349,0.5807692764495601
-0.96215337,1.8514782148047138
0.1649352,0.05440724039808
-0.90913137,1.6530396958361537
0.59006253,0.6963475786200017
0.59565127,0.7096008709052257
0.49097439,0.4821117032717442
0.37236856,0.2773166889529472
0.6684801,0.8937312881920201
0.9399291,1.7669334260536198
0.14042839,0.039440265435984195
0.52362788,0.5483723134265889
-0.78098311,1.219869236210544
-0.68040789,0.9259097935485042
-0.67136189,0.9014535746887442
-0.67555139,0.9127393610618642
-0.27919492,0.15589960670761283
-0.51250614,0.5253250870753993
-0.26487286,0.1403152639291592
0.08615931,0.0148468533993522
-0.12153487,0.0295414492518338
-0.95477337,1.8231843761223137
0.22165441,0.0982613549448962
0.14472723,0.04189194220694581
0.7054619,0.99535298470322
0.53119386,0.5643338338033992
0.22747382,0.1034886775707848
0.78029713,1.2177272221724738
-0.39369724,0.3099950335672352
0.70383376,0.9907639234314751
-0.14080674,0.03965307605885521
0.73137944,1.0698317705094271
-0.13847518,0.038350750952064805
-0.1505575,0.04533512161250001
0.9926359,1.97065205993762
-0.37473102,0.28084667470048086
0.13857958,0.03840859998595281
-0.21027207,0.08842868684416981
0.88494871,1.5662684386613281
0.4833028,0.46716319297567993
-0.52205949,0.5450922221981201
-0.11535823,0.026615042457465803
-0.15365706,0.04722098417568721
0.33809395,0.22861503805320496
0.71945553,1.0352325192951617
-0.26525556,0.1407210242218272
-0.47629705,0.453717759677405
-0.06652476,0.008851087386115201
0.52480823,0.5508473565514658
-0.98574543,1.9433881055317699
-0.49613846,0.4923067429823432
-0.31676269,0.20067720355207222
0.56747978,0.6440666014176968
0.67869635,0.9212574710066449
0.07327785,0.010739286601245002
-0.3855666,0.29732320607111995
-0.05587866,0.0062448492867911995
-0.10105695,0.020425014286605002
-0.01957116,0.0007660606074912001
-0.14770453,0.0436332563650418
0.34260119,0.2347511507788322
-0.49558374,0.4912064867047752
0.41256784,0.34042444520453125
-0.12161472,0.0295802802413568
0.53300888,0.5681969323177088
-0.03719826,0.0027674210940551993
-0.61717755,0.7618162564480049
-0.29487756,0.17390555078310718
-0.5073841,0.51487724986562
-0.23036001,0.1061314684144002
0.11300125,0.025538565003125
-0.91207547,1.6637633259514417
-0.84408946,1.424974032966183
-0.80522918,1.2967880646469447
0.68110254,0.9278013399889032
0.96620402,1.867100416528321
0.48768542,0.47567413776115275
0.07673351,0.011776063113840201
-0.94495983,1.7858981606272577
0.37774973,0.2853897170301458
0.21433351,0.0918777070178402
-0.71312199,1.0170859452431202
0.96384059,1.8579773658630963
0.30800418,0.18973314979494482
-0.13743751,0.03777813831000021
-0.34573182,0.23906098272102483
-0.73783737,1.088807969137034
0.96912628,1.878411493173277
0.66971397,0.8970336032263218
-0.75561757,1.1419158241854097
0.76205097,1.1614433617558817
0.16013534,0.05128665423383119
0.40953658,0.3354404207161928
0.67608945,0.914193888802605
0.14958,0.044748352799999995
0.79914838,1.2772762665132489
-0.32172355,0.20701208524920503
-0.15881712,0.050445755210188806
0.52673286,0.5548950116075592
0.28200601,0.15905477935224016
-0.94683443,1.7929908756668498
-0.75068052,1.1270424862149406
-0.44886893,0.4029666326386898
0.35925968,0.25813503534740484
-0.26567374,0.1411650722511752
-0.38426377,0.2953172898692258
0.31575054,0.19939680702058324
-0.97705329,1.909266262999648
-0.55736981,0.6213222101988721
0.93672818,1.754919366412225
-0.84922597,1.4423694962448819
0.17605952,0.0619939091652608
-0.09004561,0.016216423760544198
0.83031974,1.3788617412673352
-0.35160572,0.2472531646734368
-0.48168966,0.4640498571018312
-0.22046255,0.097207471905005
-0.0438761,0.0038502243024200002
-0.13612117,0.03705794584433781
-0.254504,0.129544572032
-0.64958565,0.843923033371845
0.95395917,1.8200761960541776
-0.91896696,1.6890005471432832
0.14084564,0.0396749886140192
0.09731625,0.018940905028125003
-0.19866866,0.0789384729323912
0.10907268,0.0237936990447648
-0.74525888,1.1108215964377086
0.79775399,1.2728228571218403
0.89444037,1.6000471509714738
-0.16834202,0.0566780713953608
-0.52343207,0.5479622638089698
0.55487976,0.6157830961153153
0.09317255,0.017362248147005002
-0.28341636,0.16064966623129917
-0.93097842,1.7334416370113928
0.7295197,1.06439798537618
-0.86619648,1.5005926839287809
0.16847519,0.0567677792910722
-0.68647242,0.9424887668413128
0.40720133,0.3316258463075378
-0.83339352,1.3890895183559808
0.69234369,0.9586795701656321
0.72194092,1.0423973839408927
-0.73949045,1.093692251282405
-0.53602163,0.5746383756557139
0.01597961,0.0005106958715042001
-0.6334501,0.80251805838002
-0.35066296,0.24592902303192324
0.64196319,0.8242334746299522
-0.85314746,1.4557211770089031
-0.70386619,0.9908552268502321
-0.91266151,1.66590206367096
0.12481884,0.0311594856378912
-0.5243731,0.5499342960072201
0.58112974,0.6754235494249351
-0.97544627,1.9029908513138256
-0.33627581,0.22616284078231222
-0.43716714,0.3822302165915592
0.51127849,0.5228113886733603
-0.57339598,0.6575658997603209
0.27524944,0.1515245084406272
-0.32197107,0.20733073983388983
-0.30226633,0.18272986850333783
-0.8489384,1.44139281398912
-0.86182027,1.485468355565746
-0.98874176,1.9552205359357953
-0.38530989,0.2969274226636242
-0.23605053,0.11143970542656181
0.22583818,0.1020057670914248
-0.25074625,0.125747363778125
0.09139979,0.0167078432240882
0.94672139,1.792562780567064
-0.36319724,0.26382447028723516
0.59551731,0.7092817330192721
-0.89477039,1.6012281016415042
-0.21133454,0.0893245755940232
0.78291242,1.225903714780513
-0.42894104,0.3679808315925632
0.84332946,1.4224091562077832
0.88255659,1.5578122691048562
-0.54957909,0.6040743523304563
0.56510879,0.6386958890705282
0.40593075,0.329559547591125
-0.51711864,0.5348233756708991
0.23782255,0.113119130577005
0.39995166,0.31992266067351116
-0.71435783,1.0206142185646176
-0.05988072,0.007171401255436799
0.33920078,0.23011433830521677
0.45307146,0.41054749573306315
