0.99549209,-0.9998997203141565
0.4538955,0.14433564909500662
0.48294529,0.05355332043869726
-0.09146918,0.9589957598763748
-0.45206819,0.1500137915545074
0.99858605,-0.9999901340902109
-0.49225932,0.024315666671058368
0.16256663,0.872393707650224
-0.48155087,0.05792720587601844
-0.15376611,0.8855728593425622
0.71390759,-0.6225606147889172
-0.69288537,-0.5695573845810088
0.37350177,0.3870277196736207
-0.08141565,0.9674675635085672
-0.25723951,0.690843144876728
0.94146179,-0.9831374100079421
0.90111546,-0.952133569196238
-0.69948772,-0.5864824798531298
0.60991267,-0.33847977188711836
-0.05238104,0.986490548830416
-0.7243143,-0.6478084837146868
0.491047,0.028122970624429856
-0.28351823,0.6288688641235907
-0.89306431,-0.9440980874840287
-0.08772194,0.9622657420034244
0.58875661,-0.27523786397928585
-0.91736472,-0.9664910931128078
-0.15208478,0.8880140108712452
0.70535344,-0.6013077964735759
0.01804796,0.9983930230844265
0.25417581,0.6977698840463534
0.59813324,-0.30343414669807695
-0.25796915,0.6891840371794862
-0.41641116,0.2595943082380067
0.08916955,0.9610182865459388
-0.56968886,-0.21718920296335928
0.385418,0.3522461276045648
-0.72033818,-0.6382422414604703
-0.78907329,-0.7883672821616917
0.17168792,0.8580306150129147
-0.86562189,-0.9122055226054565
0.09093014,0.9594743411992745
0.19154265,0.8243468035153695
0.67799368,-0.5304943536706992
0.57991359,-0.24842694155633374
0.06117628,0.9815880977665367
-0.33270414,0.5017108677822932
-0.03532611,0.993848010512919
-0.09880167,0.9522131194135991
-0.05834602,0.9832476435421476
-0.64944584,-0.4524386191859863
-0.01274036,0.9991991057598635
0.02676106,0.9964680011547526
-0.85915727,-0.9036966258721504
0.83528172,-0.8690696796139981
-0.47503412,0.07835223457047959
0.88981865,-0.9406876278450502
-0.75203901,-0.7116217840994049
0.05269061,0.9863307621241346
0.66094898,-0.48436406990974107
-0.12852989,0.9195790534157415
-0.84324726,-0.8811756386451778
0.85980229,-0.9045624160865635
0.04880157,0.9882703113958299
-0.544818,-0.1403351432455633
-0.39087535,0.3361492270108088
-0.75609294,-0.7205115268105935
0.20981242,0.7905160612505211
0.02657146,0.996517842765617
-0.36285501,0.4176466281818078
0.76755868,-0.7450170381805207
-0.14256025,0.901373166427739
0.15836778,0.8787654706381421
0.04632895,0.9894267655927391
0.46300072,0.11597509812588948
0.22541581,0.759556939400689
-0.2871818,0.6198786856714527
0.48087225,0.06005544027893332
-0.06171405,0.9812639944672895
0.26125746,0.6816620345282458
-0.72361634,-0.6461365172052715
-0.54467018,-0.13987533348211462
-0.2754935,0.6482683531346715
-0.58438251,-0.26200140772179725
-0.89478843,-0.9458698527215894
0.58917735,-0.2765083641129937
-0.79061546,-0.7913386055082908
0.11145952,0.9393176967974939
0.8582615,-0.9024881074666632
-0.74561442,-0.6972976678538466
0.99724152,-0.9999624502793194
0.88706842,-0.9377211914034163
-0.7332874,-0.6690233607533504
-0.85948586,-0.9041381458837571
-0.68426805,-0.5470994385540732
0.51160992,-0.03646555294461967
0.20361238,0.8022944856608557
-0.58636545,-0.2680082595430047
-0.43575412,0.20046681459717158
0.5878484,-0.27249372403962496
0.1564807,0.8815793806919092
-0.28819774,0.617371036956886
-0.47205673,0.08767366168326665
0.48630082,0.04302395885065488
0.98730899,-0.9992052974775816
0.31789793,0.5413908835782328
0.15309696,0.8865473732696114
-0.37102145,0.3942007947957211
0.4148966,0.2641863635258053
0.10248798,0.9486121447345826
0.13980839,0.9050831908598961
0.7098182,-0.6124556633574559
0.99673792,-0.9999474884105544
-0.83975511,-0.8759357861416398
-0.31778192,0.5416972717966443
-0.28530976,0.6244828925589231
0.61672875,-0.35855002876200975
0.96391944,-0.993582716247988
-0.31252143,0.5555142536255308
-0.83979805,-0.876000857664297
0.04101322,0.9917107245121668
0.22956207,0.751020190755194
0.13133024,0.9160869066839081
0.47095273,0.09112809009789641
0.16562882,0.8676510433584077
0.97898105,-0.9978206149286578
0.08725373,0.9626649564325489
0.51089409,-0.034218112044825444
-0.83924534,-0.87516206017799
-0.80542647,-0.8189193720571163
-0.38198403,0.3623221294070945
0.19243887,0.8227496926284833
-0.57184729,-0.22380320334318993
-0.33828142,0.48647787794443575
0.80681511,-0.821415271239849
-0.31402644,0.55157658707652
0.8913332,-0.9422912723313341
0.32866133,0.5126568021112774
-0.40582653,0.29155750493880545
-0.2076815,0.7945982944670519
-0.1316436,0.9156917185112494
-0.14534083,0.8975559966180139
-0.29649604,0.5966551311498286
0.27660396,0.6456081421019759
-0.00861976,0.9996333653070135
-0.45256919,0.1484574792968091
0.87209318,-0.9203463761593309
-0.89430828,-0.9453792197561549
-0.03028403,0.9954775948101
0.96123434,-0.9925932571468203
0.98510943,-0.9989060104002215
0.40830331,0.284105780356635
0.27135786,0.6581060018978349
0.76111252,-0.7313567202424464
0.42693748,0.227522481065704
-0.27308427,0.6540127188793932
0.33698403,0.4900348866678155
-0.92245289,-0.97047078362698
-0.00546365,0.999852692510353
-0.53514635,-0.11019129497730822
0.20829976,0.7934175442212796
0.1573878,0.8802306241749241
0.54671488,-0.14623286865608534
-0.85146426,-0.8930854950841108
0.75915678,-0.7271526696972775
-0.00648821,0.9997922674707349
0.95036552,-0.9878673253937575
-0.93181001,-0.9771414085616613
0.63625797,-0.4151130280702976
0.40032239,0.30805358883317285
-0.74340992,-0.6923168123113854
-0.48266389,0.05443607495848915
-0.71045242,-0.6140294968005394
0.99524107,-0.9998882415696001
0.49295948,0.02211664246838952
-0.96209045,-0.9929164067824233
0.90229145,-0.9532564063097514
-0.66427809,-0.4934873855352736
0.15620837,0.8819829081932801
-0.1012708,0.949815240604222
0.8878914,-0.9386162187954726
-0.00663935,0.9997824770265247
0.18309497,0.839078180525591
-0.51620283,-0.05088071235122052
0.52042348,-0.06411823998218513
-0.21187096,0.7865388423177633
0.25380199,0.6986106441705622
0.63095218,-0.3998914456842634
-0.12754178,0.9207942919613551
-0.06105084,0.9816632950148598
-0.5404676,-0.1267905229586751
-0.10980044,0.9410929511088397
-0.36408949,0.41411969640256663
-0.10957541,0.9413317705112322
0.16334704,0.8711926716221408
-0.21403966,0.7823132079086884
-0.50178847,-0.005618614650563452
-0.69528785,-0.5757448757117373
-0.09865637,0.9523524428881598
-0.63542152,-0.412720917876004
0.74148727,-0.6879456517440792
-0.38920225,0.34109489455476494
-0.65342397,-0.46354835703128167
0.51605821,-0.050426958471568036
-0.10246391,0.9486360707117789
0.58024063,-0.24942202755622805
-0.56983855,-0.21764821848625096
-0.62092327,-0.37081985262646255
0.74750776,-0.7015487988050865
0.4591648,0.12793596741978294
-0.49468959,0.01668237115845437
0.66218381,-0.4877543152304687
0.4107249,0.27680346875060163
0.07403836,0.9730707393419743
-0.86921599,-0.9167736517018563
-0.91836173,-0.9672903868657544
0.63621721,-0.4149965274406488
-0.48018251,0.06221826858291211
-0.10979637,0.9410972746873931
0.50179553,-0.005640793943218357
0.23226438,0.7453877158749229
0.66635738,-0.49915828816612484
-0.63666564,-0.4162778596367691
-0.76411069,-0.7377479149444763
-0.71353711,-0.6216493604073302
0.07987808,0.9686783440182956
0.65105624,-0.4569446002902673
0.17285236,0.8561460337422505
-0.41430277,0.2659851940239402
-0.85547241,-0.8986795089445502
-0.10195205,0.9491435835917337
-0.19061435,0.8259941925251222
0.09351732,0.9571522740183029
-0.12386243,0.9252412567430884
-0.97327675,-0.9964779687826298
0.2390281,0.7310553633828719
-0.63824146,-0.4207739969995631
-0.54871217,-0.15243716932485515
0.7298755,-0.6610184250904438
-0.64873122,-0.4504353595917507
-0.83766287,-0.872745906263708
-0.49811709,0.00591530172597649
0.178063,0.8475729205304802
-0.34499463,0.46794472363173517
-0.26422884,0.6748024191924767
0.79721936,-0.8038515119761076
-0.23283538,0.7441906812501242
0.33777619,0.48786401339979796
0.49109418,0.027974808600092996
0.03368886,0.9944045251270587
-0.30459841,0.576036998169855
-0.80148825,-0.811756317204096
-0.82710983,-0.8560846481749433
0.49220332,0.02449154346555298
0.04774768,0.9887705159349798
0.82674679,-0.8554946281651363
-0.94859409,-0.9869877696979997
-0.63683087,-0.41674977537724783
-0.20216925,0.8049925412862357
-0.90888062,-0.9593066396966577
0.48392918,0.050466523514615384
0.66858002,-0.5051965943077996
0.03560288,0.9937513356313528
-0.39760555,0.31616239860744116
-0.60840756,-0.33402666467881453
-0.21972847,0.771056708396489
-0.24006686,0.7288248243544204
-0.0168066,0.9986064306631417
-0.71531869,-0.626023705205055
0.58091587,-0.25147574898599917
0.55214628,-0.16309058167549023
0.94964053,-0.9875110480733578
0.05329641,0.986015375290114
0.8144205,-0.8348064517084469
0.8490593,-0.8896609588157169
0.21410762,0.7821802024344753
0.33520627,0.4948956770495119
-0.30325151,0.5794906863522872
-0.92818124,-0.9746544106017992
0.76747099,-0.7448332480600788
-0.96249946,-0.993068257556
-0.73948937,-0.6833768203690198
-0.54171185,-0.13066692415101333
-0.84148071,-0.8785382065177366
0.78786222,-0.7860209187956309
-0.31394288,0.5517955352626103
0.2450189,0.7180849759087242
0.86331317,-0.909209737924485
0.42847422,0.2228186565508536
-0.75612323,-0.7205775107770741
0.23989445,0.7291955798094498
-0.30392587,0.5777628019557043
-0.52109762,-0.06623160994656603
0.93905681,-0.9817277061761971
0.06479431,0.9793536461397762
0.54802802,-0.1503126170070598
0.76091433,-0.7309319463504713
0.58328453,-0.2586709461264959
-0.07293445,0.9738642914632458
-0.5374875,-0.1174983996601078
0.12665756,0.9218742378140219
0.46359722,0.11411358081584468
-0.700049,-0.587909783818093
0.47732998,0.07115977557360526
0.46694755,0.10365083566326479
0.64413277,-0.4374908788712042
-0.59196794,-0.2849227192270205
-0.18765488,0.8311991901517385
-0.98052189,-0.9981283361344641
-0.31171548,0.5576178187022836
-0.89525046,-0.9463399381789276
-0.14199304,0.9021433931481857
-0.01809437,0.9983847500630821
0.8035843,-0.815584267899523
-0.07907182,0.9693042128747618
-0.43432047,0.20487728285545734
0.00223201,0.9999754155644051
-0.13158302,0.9157681870681271
-0.28238037,0.631644204433716
-0.5450185,-0.1409587713440012
0.57561631,-0.23532762285101244
-0.71622283,-0.6282361630426487
-0.61046141,-0.34010142914420816
0.24529499,0.7174810603528599
-0.84566848,-0.8847463760859786
0.1122205,0.9384948909888662
-0.74321719,-0.6918797755083341
-0.60710663,-0.3301716355806318
0.57292502,-0.22710182018637035
-0.8258551,-0.854040713620237
-0.91128594,-0.9614129423199106
-0.32842851,0.5132846622784428
-0.27021031,0.6608161163687893
-0.52179259,-0.06840996905282597
0.99330499,-0.999778814731126
0.28859823,0.6163807762549407
-0.36415125,0.4139430829176426
-0.69476039,-0.5743892212503562
0.49090015,0.028584128021973045
0.50373635,-0.011737820162050541
-0.48408245,0.04998561934178712
0.20670083,0.7964650234599611
-0.52454449,-0.07703240038763776
0.85753152,-0.9014979770343727
0.45010399,0.1561117846258348
-0.70096167,-0.5902267483185046
-0.26558298,0.6716567617482905
-0.99538114,-0.9998947234299744
-0.87515788,-0.9240692277957738
-0.90309268,-0.954013970592575
-0.69140979,-0.5657409812025109
-0.87403098,-0.9227102630560724
0.98975531,-0.9994821190888372
0.50987659,-0.031023244086207866
-0.23523818,0.7391272965683089
-0.80693494,-0.8216299179896355
-0.35109082,0.4509344389109139
-0.95671054,-0.9907665370284288
0.15704295,0.8807442204735507
0.55177154,-0.16192895098215773
0.33691401,0.4902266270436123
0.8727428,-0.9211426407571566
-0.93612612,-0.9799341040914707
-0.56530707,-0.20373184618366244
-0.64801102,-0.44841416092519726
-0.73642504,-0.6763170088981423
0.2847637,0.6258218430229964
0.80130776,-0.8114250456030961
0.13879534,0.9064319522330601
0.16980735,0.8610499553686717
-0.13587556,0.910267897035876
-0.09182304,0.9586800934223613
0.02065547,0.9978953130340646
0.53544289,-0.11111718179014116
0.63511777,-0.41185153630710675
-0.98524606,-0.9989259907519689
-0.28708729,0.620111644434496
0.06219585,0.9809712444498337
0.7711105,-0.7524136443013568
0.50144715,-0.004546340146954289
-0.3267911,0.5176925917904663
0.68445538,-0.5475919702584363
0.33880649,0.48503601133212004
-0.66566238,-0.4972651541586774
-0.64632023,-0.4436600565974843
-0.41041302,0.27774485148960304
-0.49753386,0.0077475297980608765
0.18465601,0.8364001892328856
0.80030927,-0.8095877047888828
0.06254399,0.9807583098161273
0.48270354,0.05431169508431837
-0.75101941,-0.709367710760091
-0.71289611,-0.6200707308647038
0.62860772,-0.3931298671137856
-0.14122038,0.9031879955017083
-0.43026838,0.21732032887682934
0.28338668,0.6291901376037483
-0.89229441,-0.9432979627182818
-0.74792859,-0.7024903253995215
0.24838271,0.7106903537693311
0.95016108,-0.9877673774342308
-0.05407612,0.9856041924685169
0.92254614,-0.9705414078463649
0.14019441,0.904566836026414
0.27975791,0.6380098177717977
-0.34339823,0.4723710758784787
-0.4967936,0.010073032331675228
0.13405243,0.9126242649206133
-0.1960265,0.8162911636869519
0.13083953,0.9167039726727713
0.45536115,0.13977787432181432
-0.87794901,-0.927385236981544
-0.13100845,0.9164918022273034
0.49235721,0.024008225948618067
0.98594157,-0.9990248469156485
-0.37624325,0.3790720477141198
0.54312091,-0.13505436908557839
0.13637404,0.9096184174495452
-0.99755283,-0.9999704473867317
0.53736712,-0.1171228260026705
-0.20156279,0.8061214358298647
0.11282414,0.9378383930639773
0.8431349,-0.8810086942480306
-0.7408625,-0.6865198211630558
-0.83856629,-0.8741279159591919
0.50834826,-0.026223825716183518
-0.4242684,0.23567962979932608
0.4176272,0.2559030890472825
-0.46063957,0.12333955717867706
0.92332155,-0.9711254491093128
-0.77245914,-0.7551976753079674
0.30066,0.586106532773332
0.66751769,-0.5023135886217782
0.62252279,-0.37548193031883265
-0.89190276,-0.9428888193596756
-0.04019352,0.9920383202488463
0.36990776,0.3974138213564116
0.26130938,0.6815426821355739
0.64213167,-0.431829179631263
0.7500101,-0.7071292173894246
-0.00060846,0.9999981730204605
0.32880588,0.5122668471181157
-0.11540041,0.9349986459520221
0.29168723,0.608710175829881
-0.42438356,0.23532801978837614
-0.98859885,-0.9993586122837402
-0.35668588,0.43517675491814656
0.95641254,-0.9906391745207359
0.49834102,0.005211815785384628
0.72874109,-0.6583400248980208
0.12010842,0.9296510445090611
0.78014356,-0.7708006471097171
-0.81528233,-0.8362939970286648
0.23756892,0.7341755192603991
0.27653536,0.6457727078701835
-0.42883757,0.221705711287017
-0.19241234,0.8227970642160677
-0.28536178,0.6243552424980101
0.1902741,0.826596251764976
-0.63357757,-0.40743747950537523
-0.49528913,0.014799094331285807
0.9201766,-0.9687209865104683
0.78766991,-0.7856472839108455
-0.36980718,0.3977037585162012
0.84521344,-0.884079197759593
0.79128514,-0.79262310829763
-0.18535714,0.8351908381828927
0.80796749,-0.8234746563532341
-0.87806443,-0.9275208284703966
-0.62429662,-0.3806409722221018
-0.79189492,-0.7937896663155868
0.98474684,-0.9988520940796405
-0.78011533,-0.7707441435798513
-0.70008832,-0.5880097039387094
-0.98305977,-0.9985841871548911
0.20340635,0.8026806868671129
0.48071809,0.060538866985463104
0.09062944,0.9597401192150833
0.98678474,-0.999138294645733
-0.77334045,-0.7570096644233014
-0.46145619,0.1207932553960707
0.8832796,-0.9335199177310132
0.82811326,-0.8577096481264035
-0.17766017,0.8482438305748169
0.04317253,0.9908162746453368
0.32697796,0.5171902524493683
-0.34204646,0.4761098549984842
0.69218289,-0.5677420291976307
-0.04107215,0.991686919527919
0.09674519,0.9541665296090284
-0.2974988,0.5941240953225204
-0.31434523,0.5507409282148373
0.93592866,-0.9798102685309441
-0.79577436,-0.8011429472272762
-0.54004158,-0.1254628298809154
-0.34314274,0.47307837521323604
0.18460122,0.8364945234380946
-0.54985149,-0.1559736342081919
0.96325786,-0.9933454853352303
-0.80482739,-0.8178377888738564
