0.73890178,0.8595939622868461
0.56574164,0.752157988723114
0.43956643,0.6629980618372877
0.60160408,0.7756314073063313
0.34504905,0.5874087588723886
0.06543109,0.2557950155886545
0.69325975,0.8326222132516042
0.93437105,0.9666287032775305
-0.55491829,0.7449283791076831
-0.24089099,0.4908064689875226
0.45949189,0.6778583111535921
0.60064156,0.7750106837973267
0.44521106,0.6672413806112447
0.23473299,0.4844925076820074
-0.70593231,0.8401977802874749
-0.45250903,0.6726879142663409
-0.040589,0.2014671189052943
0.90871358,0.9532646956643259
0.96853298,0.9841407318061782
0.75928943,0.8713721535601192
0.14549171,0.38143375571650706
0.23803938,0.4878927956016567
0.82139994,0.9063111717285626
-0.86172632,0.9282921522882761
-0.6307434,0.7941935532349781
0.97136614,0.9855790886580336
-0.89556681,0.9463439174000117
-0.47636061,0.6901888219900406
0.03325397,0.18235671087185137
0.69894581,0.8360297901390835
0.34181453,0.584649065679575
-0.03716418,0.19278013383126386
-0.9632668,0.981461563180138
0.99297583,0.9964817258735857
0.63273916,0.7954490304224401
0.92954601,0.9641296645161376
-0.43583073,0.6601747723141198
-0.39463478,0.6281996338744555
0.20624565,0.4541427638969931
-0.79522045,0.8917513386589335
0.68135609,0.8254429659279919
-0.89767941,0.947459450319643
-0.68880333,0.8299417630171408
0.46560842,0.6823550542056532
-0.8894734,0.9431189744671665
0.57289923,0.7569010701538214
-0.46359056,0.6808748489994325
-0.03159255,0.17774293234894037
0.96507779,0.9823837284890259
0.46938168,0.6851143554181301
0.52387513,0.7237921870260827
0.69956147,0.8363979136750641
0.80160452,0.895323695654259
-0.64050385,0.8003148442956685
-0.94662257,0.9729453067875913
0.86177171,0.9283166000885689
-0.90388107,0.950726601079406
0.26019935,0.5100973926614407
-0.82591973,0.9088012599022957
0.80168296,0.8953674999685883
0.16845206,0.41042911690083583
0.31470891,0.5609892244954443
-0.15477656,0.3934165222763274
0.61474462,0.7840565158201288
0.34858574,0.5904115005654954
-0.38532443,0.62074506039114
-0.11090871,0.3330295932796363
-0.30631726,0.5534593571347403
-0.31579689,0.5619580856256097
-0.16315214,0.40392095761423424
0.15624278,0.39527557475766195
0.40947434,0.6399018205943784
0.80809518,0.8989411437908491
-0.1552673,0.39403971881017275
-0.1804931,0.4248447951899611
0.57118306,0.7557665380261288
0.13085649,0.36174091557356347
0.70053579,0.8369801610552069
-0.99890256,0.9994511293705161
-0.32423543,0.5694167454509922
0.45492604,0.6744820531341067
0.72266036,0.8500943241782055
0.04443388,0.21079345340878117
0.99512235,0.9975581937912193
-0.53796792,0.7334629643001752
0.91875925,0.9585193007968071
0.60952658,0.7807218326651305
0.54000835,0.7348526042683662
0.83352153,0.9129740029157457
-0.65009503,0.8062847077800744
-0.74576098,0.8635745364472022
0.48113132,0.6936363023948501
-0.60367453,0.7769649477293039
-0.96939915,0.9845806975560714
0.80123245,0.8951158863521527
0.94111757,0.9701121430020345
-0.97432961,0.9870813593620336
-0.42982736,0.6556122024489782
0.6599956,0.8124011324462811
0.38735522,0.6223786789407234
0.34906747,0.5908193209433829
0.5145153,0.7172972187315381
0.3327072,0.5768077669379982
0.77427301,0.879927843632647
0.34960259,0.5912720101611441
-0.17739978,0.42118853260742983
-0.98705677,0.9935073074718676
0.97100554,0.985396133542242
-0.37288599,0.6106439142413523
0.87938495,0.937755271912667
-0.20607471,0.4539545241541271
0.58826009,0.7669811536146113
-0.59822136,0.7734477099326108
-0.72220367,0.8498256703583388
-0.93984321,0.9694551098426374
-0.34287313,0.5855536952321282
0.33321777,0.5772501797314575
0.56107132,0.7490469411191798
-0.95999764,0.9797946927800743
0.1265218,0.355699030080207
0.4867162,0.6976504855584922
0.14390348,0.37934612163563763
0.32286045,0.5682081044828559
-0.17389103,0.41700243404565396
0.55644726,0.7459539261911556
-0.19817259,0.44516580057322463
-0.41154459,0.641517412078581
-0.73298724,0.8561467397590206
-0.85936256,0.9270181012256449
0.53430821,0.7309638910370333
-0.86689391,0.9310713775001356
-0.23440911,0.484158145650778
0.48997712,0.6999836569520749
0.18764387,0.4331787968033523
0.25383145,0.5038168814162542
0.77852486,0.8823405578346719
-0.17174036,0.4144156850313463
0.98497851,0.9924608354993159
-0.74244105,0.8616501900423397
0.78751542,0.8874206556081506
-0.98746681,0.9937136458759133
0.02778814,0.16669775043473142
0.04640539,0.21541910314547313
0.49327288,0.7023338807148635
-0.69802157,0.8354768518636527
0.61099924,0.781664403692531
0.48739045,0.6981335473961984
-0.48992087,0.6999434762893358
-0.85266676,0.9233995668181787
-0.87982689,0.9379908794865758
-0.44940216,0.6703746415251699
0.78022835,0.8833053549028218
-0.54173901,0.7360292181700397
0.91313455,0.955580739655211
0.49176831,0.7012619410748027
-0.39840626,0.6311943123951609
-0.59562194,0.7717654695566523
-0.65295119,0.8080539524066447
-0.49994993,0.707071375463609
0.60708666,0.7791576605540114
-0.41105118,0.641132731967414
-0.03566928,0.1888631250403318
0.98921693,0.9945938517807156
-0.21396799,0.46256674113040164
-0.29834286,0.5462077077449566
0.364295,0.6035685545155579
0.81628768,0.9034864027753821
-0.13628703,0.3691707328594725
-0.45550991,0.6749147427638545
-0.74326453,0.8621279081435654
0.99373188,0.9968610133815045
-0.7757503,0.8807668817570288
-0.3997516,0.6322591240939114
-0.97186399,0.9858316235544485
0.6527394,0.8079228923604034
0.78777001,0.8875640878269017
0.94157202,0.9703463402311568
0.58280391,0.7634159482221995
-0.27894721,0.5281545323103836
0.47598612,0.6899174733256145
-0.32843236,0.5730901848749461
0.00834134,0.09133093670821514
-0.30706505,0.5541345053324148
0.00303268,0.055069773923632555
0.31214311,0.558697691063781
-0.30312908,0.5505715938912941
-0.76493064,0.8746031328551254
0.91114889,0.9545411934536927
-0.78604727,0.8865930690006548
0.16054424,0.40067972247170186
0.58831851,0.7670192370468945
0.55636325,0.7458976136173114
-0.17098891,0.4135080531259337
-0.30777333,0.5547732239392957
0.22208572,0.47125971608020983
-0.91805579,0.9581522791289493
0.75077519,0.8664728443523202
0.33553707,0.579255617150149
0.07181014,0.2679741405434487
0.91955677,0.9589352272181891
0.8910075,0.9439319361055647
0.57329966,0.7571655433258965
0.5366982,0.7325968877902772
0.0184801,0.13594153154941283
0.42406764,0.6512047604248605
0.79356765,0.890824140894262
-0.61948832,0.787075803210847
0.62122942,0.7881810832543497
-0.21548617,0.4642048793366998
-0.72360281,0.8506484644081832
0.09659134,0.3107914734995154
0.04377078,0.209214674437526
0.34572183,0.5879811476569636
0.46650721,0.683013330763024
-0.80680323,0.8982222609131885
-0.54978002,0.741471523391155
-0.76578175,0.8750895668444459
0.62010755,0.787469078758017
-0.91957426,0.9589443466646018
-0.8391861,0.9160710125312339
0.33626646,0.5798848678832721
-0.34611822,0.5883181282265574
0.31013983,0.556901993172946
-0.86517691,0.930148864429775
-0.99163714,0.9958097910745807
0.41872764,0.6470916782033285
0.43414645,0.6588979055969142
-0.08026255,0.2833064595098389
0.84721738,0.920444121063305
-0.06562395,0.2561717197506391
0.60024172,0.7747526831189422
-0.33007319,0.5745199648402134
0.98199189,0.9909550393433599
-0.96179426,0.9807110991520388
0.36656115,0.6054429370304025
-0.4800779,0.69287654022921
-0.3650938,0.6042299231252951
0.88445117,0.9404526410192062
0.71300577,0.8443966899508785
0.98240299,0.9911624438002078
0.88761243,0.9421318538293884
-0.69901063,0.8360685558014964
-0.76727934,0.875944827029648
0.06349344,0.2519790467479389
-0.07629382,0.2762133595610466
-0.80024057,0.8945616636096139
-0.58385219,0.7641022117491874
-0.21780825,0.4666993143341867
0.11968588,0.34595647125035833
-0.54356372,0.7372677396984083
0.61844798,0.7864146361811942
0.06161688,0.24822747631960487
0.53172383,0.7291939591082746
0.99858126,0.9992903782184636
0.40626775,0.6373913632926006
0.02290057,0.15132934282550756
0.15762479,0.3970198861518148
0.89605988,0.9466043946654801
0.85538544,0.9248704990429741
-0.79486506,0.8915520512006015
-0.20848084,0.4565970214532723
-0.2917281,0.5401185980874941
-0.30855698,0.5554790545106089
-0.82732887,0.9095762035145818
-0.32469242,0.5698178831872514
0.4086171,0.6392316481526865
0.04312606,0.20766814873735454
0.48219749,0.6944044138684604
0.44730241,0.6688067060070495
0.3340919,0.5780068338696351
-0.73560273,0.8576728572130519
0.58901956,0.7674760973476633
0.7869698,0.8871131833086464
0.07687552,0.27726435039506975
-0.51849859,0.7200684620228829
0.22548465,0.47485224017582567
-0.7206058,0.8488850334409248
0.59391215,0.7706569600023087
0.37232569,0.6101849637609894
-0.11506933,0.3392187052625489
0.65713382,0.8106379093035312
0.18219883,0.42684754889773
-0.22861216,0.4781340397838246
0.21457622,0.4632237256445313
-0.49390338,0.7027825979632677
0.52169684,0.7222858436934785
-0.63827221,0.7989194014417224
-0.74414156,0.8626364008085909
-0.57783936,0.7601574573731419
-0.67270369,0.8201851559251727
-0.48644258,0.6974543569295413
0.19088032,0.4368985236871372
0.9949778,0.9974857392464316
0.64627737,0.8039137826906564
-0.02858881,0.16908225808759475
-0.93474461,0.9668219122465109
0.18271395,0.42745052345271495
-0.79146419,0.8896427316625478
0.501779,0.7083636071961913
0.64526451,0.8032835800637281
0.95213151,0.9757722633893627
0.33123275,0.5755282356235878
0.13257297,0.3641057126714713
0.50875651,0.713271694377395
0.91953218,0.9589224056199751
0.96695054,0.9833364327634769
0.50996002,0.7141148507068033
0.93193871,0.9653697270994155
0.71275922,0.8442506855194137
-0.70861001,0.8417897659154571
-0.16671455,0.40830693111922556
-0.94792909,0.9736165004764453
-0.06648836,0.2578533691848916
-0.90848087,0.9531426283615689
0.53400063,0.7307534673198616
0.99981245,0.9999062206027123
0.16136044,0.4016969504489672
-0.95086698,0.975124084411825
0.68950623,0.8303651184870424
0.23625018,0.4860557375445742
0.02569451,0.16029507166472712
-0.32656547,0.5714590711503318
-0.40135931,0.6335292495220722
-0.01463837,0.1209891317433099
-0.30565153,0.552857603728121
-0.91873632,0.9585073395650134
0.62786396,0.7923786721006567
-0.5438857,0.7374860676650102
-0.2593624,0.509276349342869
0.49872889,0.7062073987151366
0.05803884,0.24091251524152912
-0.6316544,0.7947668840609805
0.73527709,0.8574829969159738
-0.15506538,0.3937834176295391
0.21456802,0.46321487454528054
-0.82878428,0.9103759003840117
-0.43233487,0.6575217638983518
0.536592,0.7325244023239089
0.02841797,0.16857630319828468
-0.35481361,0.595662328840762
-0.42750345,0.6538374798067177
-0.31707726,0.5630961374401355
-0.11250799,0.33542210720225346
0.59307538,0.7701138746964633
0.70349735,0.8387474888188936
-0.34225824,0.5850284095665782
-0.31453989,0.5608385596586597
-0.44025004,0.6635134060439171
0.34483723,0.5872284308512319
0.05355571,0.23142106645679428
-0.71940672,0.8481784717852724
0.37968965,0.6161896217886179
-0.72074405,0.8489664598793052
0.52485842,0.7244711312398859
0.73065096,0.8547812351707307
0.44990073,0.6707463976794806
0.68082746,0.825122693906791
-0.16205302,0.40255809518627245
0.12473686,0.3531810583822411
0.85286605,0.9235074715453038
-0.26312493,0.5129570449852502
-0.62555292,0.7909190350472037
0.51872641,0.7202266379411414
0.42181991,0.6494766431520075
-0.46891382,0.6847728236429947
0.75006579,0.8660633868256987
0.73112515,0.8550585652456796
-0.35191846,0.5932271571666287
0.11672525,0.3416507719880053
0.68881139,0.8299466187653276
0.51130962,0.7150591723766643
0.7734207,0.8794434035229328
0.56750772,0.7533310825925079
0.03215107,0.17930719450150348
-0.73887474,0.8595782337867799
0.31492851,0.5611849160481774
-0.36253982,0.6021127967416072
0.98255678,0.991240021387353
-0.46857952,0.6845286845706322
0.26366889,0.5134869910718284
-0.53941599,0.7344494468647927
-0.84532648,0.9194163801020733
-0.61604572,0.7848858006105092
-0.80937287,0.8996515269814196
-0.13960409,0.37363630712231377
-0.33507463,0.5788563120498903
-0.5536453,0.7440734506754021
-0.44478231,0.6669200176932764
-0.35416894,0.5951209456908738
0.30659495,0.5537101678676309
0.9893575,0.9946645163068802
0.94518446,0.9722059761182298
0.17730927,0.4210810729538909
-0.91201562,0.9549950889926084
0.41766811,0.6462724734970537
0.55507524,0.7450337173578119
0.93575548,0.9673445508194068
0.12705923,0.3564536856311069
0.06351057,0.25201303537714076
-0.8643899,0.9297257122399057
-0.47011817,0.6856516389537766
-0.14805896,0.38478430321415136
-0.71973241,0.8483704438510338
-0.55154408,0.7426601376134309
0.7393105,0.8598316695725972
-0.95319418,0.9763166392108659
-0.72644016,0.8523145898082468
0.31235903,0.5588908927509912
0.40835436,0.6390261027532443
-0.9074508,0.952602120509922
-0.2398917,0.4897874028596489
-0.46648083,0.6829940190074874
0.45412382,0.6738870973686912
0.69909928,0.8361215701080794
0.91495388,0.9565322158714781
-0.40277562,0.6346460588390981
0.09142516,0.30236593723500005
-0.7370242,0.8585011357010542
0.7657808,0.8750890240426971
-0.85019198,0.922058555624316
0.41320199,0.64280789509775
-0.21307672,0.4616023396821121
0.12846,0.35841316940090245
-0.60097615,0.7752265152844039
0.95293379,0.9761832768491786
0.16925812,0.41140991723583914
-0.53611147,0.7321963329599515
0.1586068,0.39825469237662475
-0.30417317,0.5515189661289991
0.63841244,0.7990071589166144
-0.46880886,0.6846961807984618
-0.37300725,0.6107431948044939
-0.69055029,0.8309935559316931
-0.07368426,0.27144844814439445
-0.57390245,0.7575634956886452
0.20347725,0.45108452644709507
-0.79948845,0.8941411801276128
-0.52078401,0.7216536634702272
0.98696665,0.993461951963939
-0.9619036,0.9807668428326888
0.52429164,0.7240798574742981
0.53138116,0.7289589563205874
-0.13060194,0.36138890409086993
0.47136413,0.6865596332439011
-0.64675074,0.8042081446988708
-0.15405026,0.39249236935257736
0.89565133,0.9463885724162142
0.43397169,0.6587652768627078
-0.3842041,0.6198419959957537
0.58355853,0.7639100274246962
-0.35119209,0.5926146218243353
-0.6600458,0.812432027926029
-0.22424938,0.47354976507226776
-0.0778375,0.2789937275280575
-0.18597611,0.4312494753619997
-0.46769158,0.6838797993799788
-0.85925877,0.9269621189671129
-0.65435102,0.8089196622656666
-0.82501361,0.9083025982567704
-0.52402685,0.7238969885280641
-0.90667451,0.9521945757039366
0.72849872,0.8535213647003805
0.9665499,0.9831326970455209
0.74981385,0.8659179233622549
0.56659994,0.7527283308073371
0.24946221,0.4994619204704198
-0.48309361,0.6950493579595625
-0.06366655,0.25232231371799047
0.68191662,0.8257824289726683
-0.06126588,0.24751945378090992
-0.01163609,0.10787070964817094
-0.72680334,0.852527618320955
-0.98998183,0.9949783062961725
0.83969651,0.9163495566649225
0.60916478,0.7804900896231802
0.95442527,0.9769469125802077
0.68399419,0.8270394126037767
-0.97380762,0.9868169131100257
-0.38348668,0.619263013589541
-0.66668182,0.8165058603586381
0.18693623,0.432361226291165
0.05914593,0.24319936266363856
0.51191611,0.7154831304789793
-0.24775568,0.49775062029092443
-0.40107462,0.6333045239061537
-0.61564726,0.7846319264470444
-0.41890424,0.6472281205262947
-0.79278972,0.8903873988326655
0.80482701,0.8971215135086217
-0.25889843,0.5088206265473129
-0.30422045,0.5515618279032732
-0.37842398,0.6151617510866553
-0.93450388,0.9666974087065714
0.62430922,0.7901324066256237
0.40328949,0.6350507774973588
-0.57535046,0.7585185956850365
-0.31791854,0.5638426553569711
0.91669546,0.9574421444661814
0.7585934,0.8709726746574774
-0.46725131,0.6835578322278225
