-0.02951644,-0.4334978189103051
-0.30695854,-0.6989887942413201
-0.71721376,-1.0915718178431462
0.54995532,0.12101255546755552
-0.87596079,-1.2434806443175777
0.67141311,0.2372384171109384
-0.63976246,-1.017456818073266
0.67544286,0.24109458118207305
-0.62218727,-1.000638698780167
0.53783017,0.10940970968627406
0.17022305,-0.24236232789355056
-0.58723753,-0.9671944574045235
-0.72161026,-1.0957789337532504
-0.09977505,-0.5007299617404718
0.96742184,0.520496244362805
0.50286151,0.07594736331051266
-0.67617347,-1.0522993836308627
-0.67401895,-1.050237671957796
-0.31608073,-0.7077180358389537
-0.96330459,-1.3270620137316538
0.04944573,-0.3579370315332148
0.8723776,0.4295461399006665
-0.45901707,-0.8444972352353164
-0.52461452,-0.9072690026769825
-0.88562781,-1.252731246761635
0.07905847,-0.32959989299215076
0.03230808,-0.37433645834472457
0.87391987,0.4310219749182207
-0.46604406,-0.851221529885412
-0.5817585,-0.961951442668952
-0.61859264,-0.9971989114347924
-0.57609787,-0.9565346505538116
0.2878998,-0.1297546337790524
0.59164314,0.16090462661041305
0.4980191,0.07131354546580682
0.72452615,0.28806355429233665
0.90298511,0.45883519762605784
-0.58375583,-0.9638627354747588
0.0547758,-0.35283656018123694
0.36446298,-0.05648949725995861
-0.40449091,-0.7923198497575716
-0.92946368,-1.2946788382799503
-0.58419394,-0.964281973402969
-0.95322507,-1.3174166801803708
0.12493068,-0.2857036790668339
0.6365943,0.20391946578103815
-0.24780499,-0.6423833486950531
-0.39869994,-0.7867783321817868
0.01912158,-0.38695493530334923
0.47194525,0.04636285533213713
0.43438003,0.010415798644186236
0.12222315,-0.2882945792237963
0.16857768,-0.24393682176481374
0.17292911,-0.2397728344147157
0.18945941,-0.22395459533162673
0.18572862,-0.2275246774347221
0.91621858,0.4714986213000919
0.19090075,-0.2225753426429266
-0.3348183,-0.7256484643306396
0.30832715,-0.11020721442586834
0.38634607,-0.0355490455139677
0.60895798,0.1774736107671091
0.52856916,0.10054762791335536
-0.6471803,-1.0245551264282322
0.90382233,0.45963635345052223
-0.089506,-0.490903262403122
0.8025307,0.36270797220784745
-0.59978909,-0.9792053451044284
0.65914689,0.2255005780756053
0.44104986,0.016798318355477626
-0.39823068,-0.7863292860742068
-0.2933158,-0.6859337303242453
0.20959673,-0.20468471261608803
0.06661877,-0.34150373918501487
-0.91055374,-1.2765834648162584
0.40935479,-0.013531451522579063
-0.3851665,-0.7738278600465782
0.6578549,0.2242642419708183
-0.03802229,-0.4416372700336902
-0.92972761,-1.294931399203902
0.22226619,-0.1925610035888089
0.74019275,0.30305529820618704
0.69574625,0.2605233802490712
-0.28571386,-0.6786592522799693
-0.34230339,-0.7328111258176324
0.01532256,-0.39059030832388947
-0.89653212,-1.2631658415733515
0.731319,0.29456379478135153
-0.29318958,-0.6858129473900537
-0.23166676,-0.6269402907639884
0.75706849,0.3192040970800156
0.32846349,-0.09093826949574801
-0.33738381,-0.7281034621558489
-0.40817166,-0.795842047388896
-0.07812925,-0.4800165784658351
-0.22878866,-0.6241861680980333
0.24187759,-0.17379438628881488
0.99266201,0.5446491661826031
0.61518265,0.18343014623672138
-0.95700277,-1.3210316515834417
-0.98398428,-1.3468509032608316
-0.24546054,-0.640139888466361
0.01523153,-0.3906774171061701
0.47277695,0.04715872893669393
0.05166194,-0.35581628722498493
0.89997248,0.45595233998833273
0.66986649,0.23575841947443532
-0.74215771,-1.1154412796663806
0.0636608,-0.3443342913625679
0.66780447,0.23378522326177664
-0.53669217,-0.9188263945731895
-0.83099552,-1.2004523029507754
0.52527164,0.09739215222681208
-0.04835691,-0.4515267148709208
0.18297471,-0.23015995972199513
-0.70956351,-1.0842511108054393
0.38399754,-0.03779640999215661
0.94801387,0.5019242940910363
-0.23465736,-0.6298020673682778
0.57362708,0.14366462827915005
-0.31448653,-0.7061925077634644
0.74250854,0.30527133299601106
0.09440549,-0.31491396281708145
-0.41860764,-0.805828486032256
0.08502003,-0.3238951337688953
0.56561199,0.1359947971271156
-0.97143238,-1.334839690206802
0.89954584,0.4555440779772133
0.72223347,0.2858696340137564
-0.82869087,-1.1982469282931563
0.29119265,-0.12660362692710475
-0.66616889,-1.0427257619563686
0.24286108,-0.17285326120603797
-0.27175911,-0.6653056185380084
-0.17213505,-0.5699729748770948
-0.54032048,-0.9222984111153915
0.12119723,-0.2892763065874935
-0.70283537,-1.0778127928617545
0.35189482,-0.06851626989654203
-0.47463492,-0.8594423291092219
-0.52643808,-0.9090140108173284
-0.02859315,-0.43261430064608575
0.73285129,0.29603007969842055
-0.64070565,-1.0183593791230217
0.46270556,0.03752117517668774
-0.51326877,-0.8964119833804811
-0.17722704,-0.5748456217878404
0.30315446,-0.11515708509504574
0.7751347,0.3364920851446782
-0.02420106,-0.42841140477036393
-0.22550971,-0.6210484624882443
-0.13323275,-0.5327464343858724
-0.26565217,-0.6594617417187081
0.29399441,-0.12392255583139355
-0.43993749,-0.8262395292018552
-0.39725996,-0.7854003809095857
0.87435248,0.4314359497650011
0.07510116,-0.3333867374962371
0.85036676,0.4084834411269226
0.92085254,0.475932968358613
0.01349153,-0.39234246468574063
-0.59834718,-0.9778255469691073
0.78126417,0.34235752145936227
-0.99299635,-1.355474768399004
-0.0089386,-0.41380639207996617
-0.30848067,-0.7004453568116027
-0.90991141,-1.2759688038899446
-0.49601524,-0.8799016682278675
0.29398448,-0.1239320580856838
0.72785524,0.2912492400662864
-0.439503,-0.8258237553381497
0.21849331,-0.19617136261869975
0.77600524,0.3373251256733676
-0.26007484,-0.6541246613641298
-0.31522835,-0.7069023730482213
-0.84685161,-1.2156253743737366
0.40067187,-0.02184034516028288
-0.62361643,-1.00200629613581
0.6798103,0.245273888883751
0.74400057,0.30669909215701485
0.9695633,0.5225454586097861
-0.63478268,-1.0126915475929246
0.89490982,0.4511077596554658
0.16504538,-0.24731696404373157
-0.23071683,-0.6260312800471715
-0.39985529,-0.7878839142053827
-0.15090292,-0.5496554423106425
-0.10712884,-0.5077669791198799
-0.41361598,-0.8010518472960266
-0.02808453,-0.4321275900139471
-0.3491726,-0.739384437015369
-0.46604073,-0.8512183433288373
-0.28970136,-0.6824749863164851
-0.86155263,-1.2296931317117932
0.00587211,-0.39963366975972414
-0.88679573,-1.2538488573186073
-0.86453952,-1.2325513581284273
0.70680334,0.27110417389366515
0.83069124,0.38965546586669764
-0.49281409,-0.8768384112972112
-0.51547301,-0.8985212733096724
-0.95244185,-1.3166671982463067
-0.72238752,-1.0965227124208923
0.73049269,0.29377307899659566
-0.04263792,-0.446054076677192
0.36300048,-0.05788899845830453
-0.02137784,-0.425709798087838
0.16794194,-0.24454517656265062
0.1391195,-0.27212605814846497
0.8696838,0.4269683783088003
0.07228674,-0.3360799232484756
0.82203756,0.38137455268372167
-0.70444053,-1.079348808823147
0.12187932,-0.28862359836706286
0.10885388,-0.3010879531629486
0.10338902,-0.30631740828690945
-0.58844682,-0.9683516559030861
0.64247249,0.20954444625905877
-0.04779477,-0.4509887896718519
-0.79679139,-1.167721553601456
-0.08041305,-0.4822020012602163
0.52569678,0.0977989788520871
-0.56659462,-0.9474407635362521
0.43000664,0.006230797245325326
-0.11420264,-0.5145360673775615
0.9149363,0.47027157692633803
0.91334783,0.4687515320247746
0.36448785,-0.056465698562657485
-0.1810024,-0.578458353988994
-0.75249312,-1.1253314804734895
-0.29098529,-0.6837036096146678
0.81013373,0.36998349329917046
0.81723834,0.37678206438209727
-0.67206428,-1.0483672015254055
0.80578988,0.36582675943220644
-0.50633847,-0.8897802137019193
-0.51210037,-0.8952939135000384
0.50701211,0.07991917163451578
-0.08448959,-0.48610293980045904
-0.41474399,-0.8021312670202976
-0.09808046,-0.4991083680750325
-0.19933168,-0.5959980800230577
0.92450924,0.47943215197023115
0.85257632,0.41059782189124217
-0.5407028,-0.9226642622594268
-0.6241727,-1.0025386041916076
0.01330697,-0.3925190745600427
0.69879023,0.26343623745094535
0.67669786,0.24229552067193572
0.20657257,-0.20757860358633748
0.61541855,0.18365588458385962
0.58080415,0.15053253806760314
-0.338474,-0.7291466910183615
0.44244559,0.018133925745267232
-0.81021889,-1.1805706492190902
0.00742894,-0.3981439019302398
0.03280648,-0.3738595274748062
0.73780983,0.30077502511520426
0.85811396,0.41589692193637595
-0.28922904,-0.6820230120217823
-0.46144119,-0.846816933590827
0.87277052,0.42992213443800265
0.95742268,0.5109278092158288
-0.56325001,-0.9442402263034316
0.2470233,-0.1688703334263598
-0.07397296,-0.47603932524486203
-0.83591724,-1.2051620144296973
-0.33859086,-0.7292585171448837
-0.51687286,-0.8998608232259147
-0.64807941,-1.025415506272639
-0.38526393,-0.7739210931417952
0.82304141,0.38233516073702734
-0.57288888,-0.9534638913398082
0.91705825,0.47230212158810214
-0.03969185,-0.443234911894005
0.2040399,-0.21000217603079202
0.49520354,0.0686192688203266
-0.25785785,-0.6520031706552608
0.59387646,0.16304174388650883
0.22538344,-0.18957803257305245
-0.78512282,-1.1565556201327496
0.4134532,-0.009609585056724101
-0.36558635,-0.7550911466183438
-0.00677873,-0.4117395608640541
0.14944669,-0.26224372325578393
0.04136827,-0.36566654602866183
0.37199927,-0.04927784126947493
0.68102787,0.246439010712175
-0.43840193,-0.8247701151436453
-0.9310159,-1.2961641946902727
-0.12308898,-0.5230396184742516
0.63024602,0.19784464494860365
0.46458995,0.039324392997645674
0.5881876,0.1575979378097756
-0.25559621,-0.6498389532944218
0.23427434,-0.18107011790339517
-0.33030256,-0.7213272448151398
0.72760433,0.2910091382914646
0.76816883,0.3298262776831249
0.38089245,-0.04076774481333406
-0.96549973,-1.3291625956533886
0.53327776,0.10505339977149675
-0.0483872,-0.45155570009573986
0.0271028,-0.37931751516368256
-0.43343169,-0.8200139737172747
-0.04297527,-0.44637689495361044
-0.14830785,-0.5471721578150586
0.00510508,-0.40036765909590694
-0.6957537,-1.071036173613009
-0.98896951,-1.3516213889764077
-0.40489916,-0.7927105139382382
-0.44213946,-0.8283466469138017
0.28337433,-0.1340851641640633
0.08450648,-0.32438656203584265
-0.97888497,-1.341971251667165
-0.38991658,-0.7783733251079383
-0.09375512,-0.49496934686938904
0.96516587,0.518337452760458
-0.66262571,-1.039335208345459
0.62648225,0.19424300349540824
-0.28982378,-0.6825921329398706
0.4474025,0.02287731137609994
-0.04332235,-0.44670902409953994
-0.12049282,-0.5205552909316207
0.45586371,0.03097404541675397
-0.32522059,-0.7164641862818351
0.56638695,0.13673637486979606
0.07774485,-0.3308569273608148
-0.02297204,-0.42723532616332727
-0.64877302,-1.026079238256355
-0.02951636,-0.4334977423563934
0.37066407,-0.0505555260558212
-0.28541124,-0.6783696679704694
0.45164757,0.02693952030058705
-0.68604364,-1.0617443851644546
0.79973096,0.3600288340984067
-0.64691574,-1.0243019626422258
-0.27440005,-0.6678327971327158
-0.86988457,-1.237666164200372
-0.26970203,-0.6633371495293974
-0.28790857,-0.6807594227244285
0.10595764,-0.3038594344283827
0.18921183,-0.2241915105498739
-0.16163525,-0.5599254653506724
-0.39455798,-0.7828147916802478
0.69651946,0.2612632833749331
-0.18181276,-0.5792338068376037
0.6530361,0.21965301709930418
0.89701896,0.4531260461221184
0.76115773,0.3231171885537415
-0.41154471,-0.7990697995373273
0.09594075,-0.3134448358360404
0.76734898,0.3290417436267392
0.20351715,-0.2105024079975854
0.25521748,-0.16102912677373607
0.68270721,0.2480460112881957
0.21764824,-0.19698003029575015
-0.17129865,-0.5691726037302254
-0.45824084,-0.8437544421992875
0.66342836,0.22959761902991793
0.71389383,0.2778892332111761
-0.68604706,-1.06174765784418
-0.90908647,-1.275179399090927
0.83726992,0.3959507619648407
-0.3855625,-0.774206801909515
0.49740276,0.07072375499155825
0.50029277,0.07348927462111843
0.26641776,-0.15031131119643015
0.36033307,-0.06044150682854721
0.66907743,0.2350033491048169
0.8870154,0.4435534005099985
-0.97551027,-1.3387419205943047
-0.93401446,-1.2990335884087767
-0.97346817,-1.3367877863056603
-0.5008686,-0.8845459643892379
-0.30893596,-0.7008810346923513
0.42307906,-0.0003983696002385906
-0.05430537,-0.45721893839113464
-0.51122996,-0.8944609973714557
0.0843282,-0.32455716242807586
0.04126273,-0.36576753977667786
-0.89301711,-1.2598022445086008
-0.64260145,-1.0201735154456366
0.97109374,0.524009973217647
-0.88685335,-1.2539039952735125
-0.29553546,-0.6880577760199176
-0.38723975,-0.7758118025145924
-0.62896557,-1.0071250160264904
0.56234292,0.13286654592542213
-0.81655248,-1.186631412839488
0.1491119,-0.26256409180702783
-0.73334431,-1.1070075265986872
-0.82764526,-1.197246359097941
-0.78561349,-1.1570251539809495
0.66103965,0.2273118053495753
0.48556917,0.059399909941483475
-0.86499594,-1.2329881173331787
-0.71894403,-1.0932275545532053
-0.91411073,-1.279987233546176
0.74389598,0.3065990074867003
0.68346083,0.24876716827492895
-0.97325205,-1.3365809759131912
-0.58549873,-0.9655305581336285
0.21571186,-0.19883299859007703
-0.51691773,-0.8999037604011418
0.17179731,-0.24085588088055357
0.61889075,0.18697851573660962
0.17205273,-0.2406114633789594
0.09328445,-0.3159867127817951
-0.43540805,-0.8219051998289759
-0.07058278,-0.47279518099008705
0.21718977,-0.19741875119448904
0.00756268,-0.398015922928348
-0.66397418,-1.0406255915119091
0.57159629,0.14172131679977307
0.13088816,-0.28000282409307536
-0.28930859,-0.6820991353177333
0.0534887,-0.354068216928171
-0.63620096,-1.014048733616576
-0.89811365,-1.2646792454230746
0.65345983,0.22005849446188552
0.42378088,0.00027321872866614694
-0.77043582,-1.1425012788677193
-0.70796882,-1.082725113837241
-0.05691178,-0.4597130744037027
-0.02175135,-0.4260672187323468
-0.64925731,-1.0265426669300965
0.48336036,0.057286246870086266
-0.02506498,-0.42923811046285965
0.4483661,0.023799403242579398
-0.57610583,-0.9565422676680263
0.99673902,0.5485505544770772
0.74937083,0.31183802228038526
-0.05857221,-0.4613019795488443
-0.84930995,-1.2179778186649788
0.51686017,0.08934301558076024
0.29942954,-0.11872155005486984
0.68028615,0.24572924111980776
-0.95184154,-1.316092747262116
0.3612635,-0.05955115612770817
0.88488026,0.4415102340220419
-0.53531843,-0.9175118299398796
0.62527502,0.19308777626007212
-0.6791413,-1.0551393710780332
0.21326497,-0.20117448610270655
-0.633399,-1.0113674711360856
0.31072052,-0.10791694148016906
0.18330607,-0.22984287341971557
0.94512379,0.49915870747680335
0.48629453,0.0600940242589072
-0.74209659,-1.1153827924778383
0.26879572,-0.14803578444797294
-0.46912675,-0.8541714296113121
0.92484677,0.4797551424929509
0.17641716,-0.2364350360182094
0.8454402,0.40376909813634276
0.81970995,0.3791472070534435
0.13383438,-0.27718351577130396
-0.80565001,-1.1761985787677407
0.15816212,-0.2539037200222113
0.41820835,-0.005059268391209848
-0.01419157,-0.41883308459953894
-0.77853216,-1.1502488600863288
0.89291184,0.44919584484912656
-0.34246108,-0.7329620231468408
-0.37775194,-0.7667326904019918
0.59141353,0.16068490731458251
-0.55851223,-0.9397065314059962
-0.35813038,-0.7479563507552113
0.16734774,-0.245113780741835
0.57895871,0.1487665924324062
0.44197362,0.017682286373928213
0.51473387,0.08730830830004715
0.6786828,0.2441949571906673
0.98300839,0.5354113865187561
0.96772904,0.5207902113837498
-0.11299676,-0.5133821319894853
-0.06006482,-0.4627302937257079
0.5007326,0.07391015845843013
-0.40832671,-0.7959904184390181
0.83431715,0.3931251857915484
-0.24196019,-0.6367903199059302
0.9450122,0.49905192433921464
-0.9562426,-1.3203042267451877
-0.90845006,-1.2745704031540797
-0.5017609,-0.8853998275819108
-0.44825357,-0.8341973848774384
0.7745914,0.33597218839181586
0.57524502,0.14521287372793767
0.24749959,-0.16841456014378872
0.98419892,0.536550633125024
-0.99171081,-1.3542446044533483
-0.9462875,-1.3107779536650828
-0.05892015,-0.46163493164932456
0.18555092,-0.22769472281109548
-0.52083405,-0.9036513805947188
-0.01472024,-0.41933898155579846
-0.30614739,-0.6982125854228324
-0.11890908,-0.5190397722800868
-0.88711385,-1.2541532739485
