-0.63084941,1.158758276266809
0.90031828,3.0081621603239563
-0.6816233,1.097431597296271
0.19537616,2.1567056521452344
0.79014313,2.875088329373031
0.27934354,2.25812471925349
0.8315147,2.9250585205854267
0.72251685,2.7934066783604394
0.95394487,3.072934441297793
-0.2180238,1.6573851030726052
-0.04502706,1.8663372935967042
0.61463027,2.6630970712594415
0.23216631,2.201142226107323
0.208403,2.172439976119241
0.14035487,2.090248798270637
0.89441759,3.0010350774604087
0.23201134,2.200955047314442
-0.68473797,1.0936695777387944
0.3696265,2.3671719895026264
-0.35697012,1.4895603340667707
0.90979287,3.0196059385987244
0.35533417,2.3499091574909174
-0.76311735,0.9989999143513758
-0.62668461,1.1637886836785023
-0.64593073,1.1405424714487824
0.00935453,1.932021492932966
-0.43430266,1.3961550847436186
-0.50450544,1.3113614368293205
-0.1089739,1.7890998133118499
-0.30787485,1.5488595105187204
-0.07619192,1.8286951636676843
-0.63003883,1.1597373263147754
-0.39819732,1.4397645185550152
0.45302759,2.4679070695255074
0.30855026,2.293401731537213
-0.69010532,1.0871866836691746
0.61321949,2.6613930763093196
0.36433793,2.3607842489808104
0.38561853,2.386487785276738
0.64514797,2.699957536172002
0.12595199,2.0728524396695693
-0.97344551,0.7449573829088576
-0.47055633,1.3523664921895753
0.32437548,2.3125160477059787
-0.81675367,0.9342158811051335
-0.82249266,0.9272841057902005
-0.3456349,1.5032514536166106
-0.15619248,1.7320673760275553
0.90007612,3.0078696700582013
0.39592046,2.3989308569792795
0.88235111,2.9864607136434067
-0.3691183,1.4748872898124046
-0.48036332,1.3405212282675618
-0.48745684,1.3319533989401044
0.00150841,1.922544644056421
0.67845881,2.7401916642035347
0.34054853,2.332050486476072
0.39916237,2.4028465619572
-0.44743204,1.3802969089697672
0.9977615,3.125857871068111
-0.82285152,0.9268506607259093
-0.51172539,1.302640900430921
-0.17402877,1.7105240113010114
-0.60581238,1.1889989748066634
-0.45579029,1.3702014895621641
0.85631927,2.9550184448967656
-0.1903945,1.6907568461334717
-0.67007723,1.1113773896762003
0.61013053,2.657662110289721
-0.40631558,1.4299589684027745
-0.95152014,0.7714396974862963
0.43004026,2.440142078359776
-0.76417756,0.9977193514811417
-0.00259246,1.9175914537850056
0.34900704,2.3422670038108495
0.02496339,1.9508744810793552
-0.49985643,1.3169766919102452
0.1273587,2.074551518715406
0.10017793,2.0417215276321543
0.17618941,2.133531149310451
0.05414989,1.9861270708607095
-0.24481962,1.6250200695703008
-0.72065141,1.0502919282105097
-0.51066795,1.3039181175874281
0.86340642,2.9635785802904895
0.58850743,2.631544889173753
0.10705854,2.0500321959814074
0.28673546,2.267052967705911
-0.53159008,1.2786475552986243
-0.10292933,1.7964006800349814
0.96488987,3.086154237955731
-0.87184371,0.8676759883068055
0.6785783,2.740335988872576
0.2047037,2.167971817711136
0.35294654,2.347025285120484
0.02229011,1.9476455895298135
0.12101895,2.066894122108539
-0.0532977,1.8563476929543092
-0.62467066,1.1662212108122851
-0.54134131,1.2668696404731525
-0.03497521,1.8784783089494772
0.82321419,2.9150328417953686
0.89117725,2.9971212687895465
-0.47361646,1.3486703481651934
-0.1390783,1.7527385482127869
-0.95087113,0.7722235970047036
0.07049156,2.0058651754245407
-0.68785165,1.0899087539418195
-0.17027119,1.7150625625596627
0.00057659,1.9214191556213547
0.94296998,3.0596785423354134
0.96772487,3.0895784612106656
0.26536603,2.241242139081329
0.68595134,2.749241433326742
-0.94365517,0.7809393141259295
0.21075892,2.1752855479184525
0.03964555,1.9686081649257983
-0.1504395,1.7390160490085682
-0.72319842,1.0472155504776877
-0.78510534,0.972441964902606
0.09650414,2.0372841811941487
0.78479462,2.868628190988111
-0.17637165,1.7076941897209337
0.93564407,3.050830023328163
-0.31097947,1.5451096297420948
0.57450001,2.6146261825403734
-0.79846124,0.9563101894632492
-0.51208642,1.302204834356237
0.28064866,2.259701093946428
-0.43074758,1.4004490486269172
0.49503447,2.5186446128635085
-0.76449356,0.9973376743917028
0.38206496,2.3821956452301642
0.70106343,2.7674944033474334
-0.88198905,0.8554220520961475
-0.57492067,1.2263111835427078
-0.95298784,0.7696669523465194
-0.23304148,1.6392461651215782
-0.34908038,1.4990898688757248
0.70486532,2.7720864739473283
-0.38433064,1.4565132339429279
0.17197514,2.128440990108839
-0.18327581,1.6993550767658059
-0.87707399,0.8613586527139245
0.64348618,2.6979503615819427
-0.19543797,1.684665146923749
-0.20069566,1.6783147044668758
-0.6051748,1.189769068726551
-0.23805054,1.6331960276480824
0.22107595,2.1877468579882424
-0.50381335,1.312197370047136
-0.56733491,1.2354735594856887
0.53848227,2.571122555415796
-0.98661794,0.7290472096707643
-0.68170801,1.0973292812638458
0.09860822,2.039825570847144
-0.20049918,1.6785520206521067
-0.48714936,1.332324785242195
0.42168964,2.4300558747629086
-0.52465459,1.2870245098461954
0.56706599,2.6056470840706565
-0.97613582,0.7417079218630085
-0.8746247,0.864317000430354
-0.69328187,1.083349923041146
-0.63371332,1.1552991343895465
0.20055228,2.162957571183799
0.18128717,2.139688422093546
-0.83154324,0.9163524632834481
-0.53182005,1.2783697885889462
0.99395624,3.1212617300511543
-0.15398864,1.73472925968828
0.44767163,2.4614379327408518
-0.3740791,1.4688954426437704
-0.42524194,1.4070989747367222
0.10260984,2.0446588831086645
-0.93386642,0.792762547066578
-0.76961337,0.9911537687610696
-0.67278416,1.1081078543479888
-0.70929502,1.0640086177096642
-0.41673203,1.417377574990478
0.24310445,2.2143537369904718
-0.83844847,0.9080120579407074
-0.86695732,0.873577960183588
0.72851148,2.800647225609373
-0.99864414,0.7145214976042773
0.92923392,3.043087594863395
-0.11885218,1.7771684425553236
0.47239544,2.4913003119833834
0.26658307,2.2427121273247805
-0.66841418,1.1133860861432612
0.84810848,2.945101133411975
0.82999092,2.9232180398406635
-0.55680365,1.2481936248810181
-0.43464377,1.395743078819636
-0.60080361,1.195048762006881
0.40560813,2.410632001564863
-0.32258258,1.531094942231844
-0.520823,1.291652453261142
0.51698414,2.5451562779259898
-0.13283062,1.760284739092994
-0.4254246,1.4068783508849598
0.78222559,2.8655252166429173
0.02007501,1.9449701056031803
-0.64461742,1.142128738342235
-0.23153286,1.6410683350287596
-0.85484531,0.88820731690528
-0.65726372,1.1268540453796685
-0.93452428,0.7919679581739885
-0.453318,1.3731876175730782
-0.40691604,1.429233709462507
-0.17967991,1.7036983446326202
0.35034477,2.3438827661300112
0.68441737,2.7473886447036833
-0.42661785,1.4054370971287162
-0.6713446,1.1098466109013831
0.95155056,3.07004250056357
0.38923101,2.390851079112359
-0.75475781,1.0090968918711478
0.4208209,2.429006576805063
0.51861093,2.547121178154877
0.94658656,3.0640467883104856
-0.20549071,1.6725230565943634
-0.08931792,1.8128410703892832
0.74968666,2.82622343152945
-0.45446825,1.371798300889132
0.20400245,2.167124820689082
-0.18281058,1.6999169996528936
0.1783221,2.1361070952341077
-0.94938608,0.7740172981492328
0.94259028,3.0592199259086414
0.27198924,2.2492419097001344
0.4009461,2.405001020421582
-0.66228755,1.120786068125758
-0.89694323,0.8373598119146757
0.05514788,1.9873324819951688
-0.54681531,1.2602579303858472
-0.08908089,1.813127364441529
-0.02552815,1.8898888354195862
-0.72860841,1.0406811541577716
-0.25494959,1.612784697843392
0.27597705,2.2540585417065753
-0.58022069,1.2199096132655944
-0.23745062,1.6339206343553487
0.13880304,2.0883744376449918
0.92923709,3.043091423712678
-0.56154736,1.2424639874571506
0.22856295,2.1967899477623845
-0.61841277,1.173779733727566
0.95535094,3.0746327473267403
-0.56608548,1.2369826696308077
0.93509708,3.0501693475333775
-0.9452074,0.7790644703647278
0.77438761,2.8560581995749423
-0.43846554,1.3911269963825954
-0.20591956,1.672005074886117
0.11700795,2.0620494803182243
0.7757356,2.8576863543211215
-0.47294799,1.3494777522284125
-0.5618409,1.2421094384291953
-0.4471209,1.3806727159621976
-0.23299462,1.639302764451993
-0.44585427,1.3822026009362354
0.47367114,2.4928411520561595
-0.1407232,1.7507517740215905
0.29152402,2.272836776704023
-0.3393035,1.5108987647687415
-0.53772808,1.271233840187941
-0.80350074,0.9502232853739223
0.25302541,2.22633665831085
-0.69055026,1.0866492678331783
-0.20051177,1.6785368139604737
-0.10276834,1.7965951300179839
0.60201233,2.6478566326078137
-0.46274729,1.3617985544000555
-0.62499517,1.1658292550138871
-0.81650454,0.9345167900079562
0.37685212,2.375899374347536
-0.99961664,0.7133468742831404
-0.38341771,1.45761590630135
0.55391995,2.5897687857008873
-0.81925436,0.9311954504697256
-0.40049157,1.4369934341801889
0.78747319,2.871863472005384
-0.90867344,0.8231916080814259
0.28185738,2.2611610329703096
-0.51481864,1.2989047527824815
-0.7016306,1.0732660022597817
-0.85097323,0.892884165716908
-0.27918891,1.5835075044649813
-0.63970885,1.1480575000856115
0.55593802,2.5922062891308997
-0.41316472,1.421686310743409
0.46211998,2.478889211776277
0.05901911,1.99200830414374
0.5528252,2.5884465040753706
-0.67307106,1.1077613253702672
0.55911535,2.596043991873263
-0.53526663,1.274206875225281
-0.30240597,1.5554650364709057
0.33213622,2.3218897712980415
-0.50647195,1.3089862095725089
0.04058877,1.9697474227242175
0.79003092,2.8749527977711136
-0.56589394,1.237214019091919
-0.63851353,1.1495012540683587
-0.37889769,1.4630753622437727
-0.91515055,0.8153683027245415
0.99130823,3.118063360590379
-0.22770139,1.6456961335030393
0.38269058,2.38295129339692
0.38985197,2.3916010987498844
0.85303742,2.951054498833553
-0.61300243,1.1803145527910939
-0.4233358,1.4094012847597064
-0.93853312,0.7871259253156777
0.57353862,2.613464978309311
-0.48686852,1.3326639947162395
-0.94963735,0.7737138044711842
-0.39871334,1.4391412495306726
0.01380898,1.93740175087933
-0.16841356,1.7173062803180625
-0.25300778,1.615130091479605
-0.62356737,1.1675538073819278
0.07461147,2.0108413629484336
-0.32471857,1.5285150104398486
-0.51065821,1.3039298819382226
-0.57235053,1.22941549858907
-0.2788977,1.5838592392283215
-0.52633715,1.2849922484423781
0.09229911,2.0322051824238856
0.66288052,2.7213755996920317
0.28551744,2.2655817957803466
0.99992975,3.128476767742718
-0.31450735,1.5408485190766212
0.63430406,2.686859839947517
-0.37227131,1.4710789617118614
-0.16241495,1.7245516347657808
-0.8382501,0.9082516569414414
-0.49282592,1.3254684153092042
-0.35466382,1.4923459729002293
0.61541307,2.664042567543026
-0.90702785,0.8251792156814568
-0.90461755,0.8280904697595408
-0.72190754,1.0487747255448232
0.35307659,2.3471823645682104
0.89414373,3.000704298701821
0.58291832,2.6247941447517475
0.71827809,2.7882869391843954
0.36619261,2.363024403614483
0.25270286,2.2259470698766775
-0.32255966,1.5311226258992172
-0.09956178,1.8004681378911205
0.96133204,3.0818569525154835
-0.2618691,1.604427044561293
0.48983716,2.5123670997188516
-0.27103321,1.5933582761052874
-0.28591407,1.5753845946712763
-0.03129695,1.8829210544273236
-0.44152852,1.3874274100173756
-0.9014696,0.8318926861952975
-0.00566844,1.9138761655142074
-0.89162616,0.8437819758448744
-0.57119276,1.230813898221474
0.21388027,2.1790556358397186
-0.35047515,1.4974052114262417
-0.98190345,0.7347415540422477
-0.53903146,1.2696595671346727
0.90822119,3.0177076023711003
0.20081444,2.1632742182273663
0.2149724,2.1803747529273414
0.59182179,2.6355481020792992
0.14148097,2.091608945645375
-0.69577708,1.0803361113628585
0.82197451,2.913535508079433
0.42243214,2.430952695139201
-0.52178295,1.2904929883180825
0.2552416,2.229013458781874
0.56504057,2.603200703024798
-0.54543571,1.2619242649193594
-0.06688445,1.8399370879070505
-0.10855645,1.7896040256567431
0.91834504,3.0299355821239984
-0.47073796,1.35214711241187
0.09055524,2.0300988684176837
-0.82676079,0.9221288923859384
-0.25770915,1.6094515939543668
-0.63946654,1.1483501715271998
0.31246204,2.298126531552799
-0.05915458,1.8492735255125599
-0.84562424,0.8993448838644957
-0.87768512,0.8606205061326941
0.37196672,2.369998598231255
-0.25654276,1.6108604051580078
0.47986064,2.50031707086971
-0.6614426,1.1218066315963953
-0.08429089,1.8189129127276438
0.92116796,3.033345214685134
0.54757976,2.5821108576449077
0.5250563,2.5549061467053726
0.50686592,2.5329350983060457
0.64905277,2.7046739054721316
-0.32640894,1.5264733158142954
0.6814404,2.743792944561446
-0.01381415,1.9040374601844188
-0.81287432,0.9389015109054966
-0.73094051,1.0378643530809348
-0.5435002,1.2642620491705616
-0.92168104,0.8074805229276754
-0.89203997,0.843282160033543
0.2711236,2.24819635604285
-0.81871656,0.931845026225106
-0.97838322,0.7389934247402079
0.33939478,2.3306569423560086
-0.25358372,1.614434448748936
0.8733741,2.9756179318438383
0.10190124,2.0438030084707646
0.11340304,2.0576953298230056
0.44633953,2.4598289705546446
-0.51562722,1.2979281184122964
0.54525834,2.579306956287423
0.19586441,2.1572953794835845
-0.88248771,0.8548197511549465
-0.54341101,1.264369776321217
-0.14960025,1.740029727797529
-0.2518561,1.616521135373165
0.31876403,2.3057383201631563
-0.25042201,1.6182532850478277
-0.38171192,1.4596762258025968
-0.79233409,0.9637107995219689
-0.49427974,1.3237124349732292
-0.26822804,1.5967464695261142
0.43886551,2.450801558529303
-0.1968618,1.6829453896761042
0.19794735,2.1598112354224317
0.486323,2.5081225606029576
0.01798985,1.9424515682619956
0.13252511,2.080791709638343
0.32125016,2.308741164664317
-0.45902555,1.3662938167128664
-0.67491029,1.1055398318474547
0.98069567,3.105245097893241
-0.53364217,1.2761689611895526
-0.43264507,1.398157186410337
-0.64034103,1.1472939284957335
-0.62132788,1.1702587504991033
-0.3150023,1.540250699217704
-0.26209469,1.604154568185956
0.00576014,1.9276800489028765
-0.44933422,1.37799938198879
0.84395901,2.9400892421704747
0.26848083,2.2450043156578614
-0.31085086,1.5452649699018186
0.7229528,2.793933235724809
0.21808039,2.184128704121029
0.89770223,3.0050023933941254
-0.14187682,1.7493583869205827
0.8413523,2.9369407564558823
0.3265678,2.315164017062683
-0.24542734,1.6242860417196874
0.95849769,3.078433514355828
-0.00400624,1.9158838353182117
-0.57665195,1.2242200762281392
-0.90974198,0.821900983913233
0.09144397,2.0311723110749527
-0.72025382,1.050772152875035
0.46434479,2.481576423818538
-0.18955968,1.6917651741961468
0.63187769,2.6839291758984607
-0.0119174,1.90632842860022
-0.76409189,0.9978228270389019
-0.13562671,1.7569075128492944
0.6591355,2.716852218889847
0.43505472,2.4461987381632815
0.25637005,2.2303764445780048
-0.47819252,1.3431432049313399
-0.71565181,1.0563306395281002
0.67468653,2.7356353577131913
0.15117298,2.1033153322517437
0.74133373,2.8161344378247453
0.54051088,2.5735727894677156
0.17442793,2.1314035652613854
-0.49089854,1.3277963798302252
-0.00395742,1.9159428020128522
-0.47368991,1.3485816323986768
0.86742262,2.968429502843035
-0.84358213,0.901811423741439
-0.21649242,1.6592347633929374
0.38084487,2.380721973078096
0.79036305,2.8753539573018583
-0.5642414,1.2392100211722394
0.15996626,2.1139361978119373
0.05902617,1.9920168314863078
-0.0510298,1.8590869507743677
0.55781369,2.5944717963028863
-0.89105629,0.8444702869934773
-0.90638707,0.8259531746857942
0.88582679,2.9906587751187894
0.85336921,2.9514552476990756
0.05525323,1.9874597278222965
0.14472141,2.095522875100126
